Loan_ID,Gender,Married,Dependents,Education,Self_Employed,ApplicantIncome,CoapplicantIncome,LoanAmount,Loan_Amount_Term,Credit_History,Property_Area,Branch_Code,Remarks,Loan_Status
LP001657,Male,YES,0,Not Graduate,No,6033,0.0,160.0,360.0,1.0,Urban,BR-DEL,,N
LP001098,Male,,0,Graduate,No,3500,1667.0,114.0,360.0,1.0,Semiurban,BR-DEL,,Y
LP002888,Male,No,0,Graduate,,3182,2917.0,161.0,360.0,1.0,Urban,BR-HYD,walk-in applicant,Y
LP200177,Male,Yes,0,Graduate,No,6321,0.0,128.0,360.0,,Semiurban,BR-DEL,,Y
LP001256,Male,No,0,Graduate,No,3750,4750.0,176.0,360.0,1.0,Urban,BR-BLR,walk-in applicant,N
LP001095,Male,No,0,Graduate,No,3167,0.0,,360.0,1.0,Urban,BR-CHN,pending review,N
LP002984,Male,Yes,2,  Graduate ,No,7583,0.0,187.0,360.0,1.0,Urban,BR-MUM,,Y
LP002239,Male,no,0,Not Graduate,No,2346,1600.0,132.0,360.0,1.0,Semiurban,BR-MUM,,Y
LP001552,Male,Yes,0,graduate,No,4583,5625.0,255.0,360.0,1.0,Semiurban,BR-CHN,,Y
LP002377,Female,No,1,Graduate,Yes,8624,0.0,150.0,360.0,1.0,Semiurban,BR-DEL,walk-in applicant,Y
LP001112,Female,Yes,0,Graduate,No,3667,1459.0,144.0,360.0,1.0,Semiurban,BR-HYD,walk-in applicant,Y
LP001922,Male,Yes,0,Graduate,No,20667,0.0,,360.0,1.0,Rural,BR-MUM,referred by agent,N
LP002126,Male,Yes,3+,Not Graduate,No,3173,0.0,74.0,360.0,1.0,SEMIURBAN,BR-KOL,,Y
LP002731,Female,NO,0,Not Graduate,Yes,18165,0.0,125.0,360.0,1.0,Urban,BR-KOL,,Y
LP002130,Male,yes,,Not Graduate,No,3523,3230.0,152.0,360.0,0.0,Rural,BR-CHN,,N
LP001333,Male,Yes,0,Graduate,No,1977,997.0,50.0,360.0,,Semiurban,BR-CHN,,Y
LP001439,Male,Yes,0,Not Graduate,No,4300,2014.0,194.0,360.0,1.0,Rural,BR-KOL,,Y
LP002140,Male,No,0,Graduate,No,8750,4167.0,308.0,360.0,1.0,Rural,BR-MUM,,N
LP002717,Male,Yes,0,Graduate,No,1025,5500.0,216.0,360.0,,Rural,BR-CHN,follow-up needed,Y
LP002116,Female,No,0,Graduate,No,2378,0.0,46.0,360.0,1.0,Rural,BR-CHN,,N
LP002370,Male,No,0,not graduate,No,2717,0.0,60.0,180.0,1.0,Urban,BR-KOL,,Y
LP002114,  Female ,No,0,Graduate,No,4160,0.0,71.0,360.0,1.0,Semiurban,BR-BLR,,Y
LP200023,Male,Yes,0,Graduate,No,7890,0.0,166.0,360.0,1.0,Semiurban,BR-MUM,walk-in applicant,N
LP001807,Male,Yes,2,Graduate,,6250,1300.0,108.0,360.0,1.0,  Rural ,BR-CHN,,Y
LP200135,Male,No,0,Graduate,  No ,3254,2842.0,117.0,372.0,1.0,Urban,BR-MUM,,Y
LP002149,Male,Yes,,Graduate,No,8333,3167.0,165.0,360.0,1.0,Rural,BR-MUM,,Y
LP002705,Male,Yes,0,Graduate,No,3775,0.0,110.0,360.0,1.0,Semiurban,,pending review,Y
LP001910,Male,No,1,NOT GRADUATE,Yes,4053,2426.0,158.0,360.0,0.0,Urban,BR-HYD,,N
LP002187,Male,No,0,Graduate,No,2500,0.0,96.0,480.0,1.0,Semiurban,BR-MUM,,N
LP001940,Male,Yes,2,Graduate,No,25028,1560.0,134.0,360.0,1.0,Urban,BR-KOL,,Y
LP002055,Female,No,0,Graduate,No,3166,2985.0,132.0,360.0,,Rural,BR-BLR,,Y
LP002106,Male,Yes,,Graduate,Yes,5503,4490.0,70.0,,1.0,Semiurban,BR-HYD,,Y
LP001936,Male,Yes,0,Graduate,No,3075,2416.0,139.0,360.0,1.0,Rural,BR-HYD,walk-in applicant,Y
LP002065,Male,YES,3+,Graduate,No,15000,0.0,300.0,360.0,1.0,Rural,,pending review,Y
LP002587,Male,Yes,0,Not Graduate,No,2600,1700.0,107.0,360.0,1.0,Rural,BR-BLR,pending review,Y
LP200108,MALE,Yes,0,Not Graduate,  No ,4101,0.0,109.0,192.0,,Semiurban,BR-KOL,,Y
LP001915,Male,Yes,2,GRADUATE,No,2301,985.7999878,78.0,180.0,1.0,Urban,BR-KOL,,Y
LP001603,Male,Yes,0,Not Graduate,Yes,4344,736.0,87.0,360.0,1.0,Semiurban,BR-DEL,walk-in applicant,N
LP001367,Male,Yes,1,Graduate,No,3052,1030.0,100.0,360.0,1.0,Urban,BR-KOL,,Y
LP001531,Male,No,0,Graduate,No,9166,0.0,244.0,360.0,1.0,Urban,BR-MUM,,N
LP001716,MALE,Yes,0,Graduate,No,3173,3021.0,137.0,360.0,1.0,Urban,BR-DEL,referred by agent,Y
LP002862,Male,Yes,,Not Graduate,No,41392,1625.0,187.0,480.0,1.0,Semiurban,BR-HYD,,N
LP002484,Male,Yes,3+,Graduate,No,7740,0.0,128.0,180.0,1.0,Urban,BR-MUM,,Y
LP002502,Female,  Yes ,2,Not Graduate,,210,2917.0,98.0,360.0,1.0,Semiurban,,referred by agent,Y
LP200093,Male,Yes,3+,Graduate,No,9099,0.0,260.0,336.0,1.0,Rural,BR-CHN,,Y
LP002138,Male,Yes,0,Graduate,No,2625,6250.0,187.0,360.0,1.0,RURAL,BR-MUM,pending review,Y
LP001036,Female,No,0,Graduate,No,3510,0.0,76.0,360.0,0.0,Urban,BR-MUM,pending review,N
LP001275,Male,,1,Graduate,No,3988,0.0,50.0,240.0,1.0,Urban,BR-HYD,,Y
LP001225,Male,YES,0,Graduate,No,5726,4595.0,258.0,360.0,1.0,Semiurban,BR-BLR,,N
LP001050,,Yes,2,Not Graduate,No,3365,1917.0,112.0,360.0,0.0,Rural,BR-DEL,,N
LP200164,Male,Yes,0,Graduate,,8099,1907.0,180.0,336.0,1.0,Rural,BR-DEL,pending review,Y
LP002226,Male,Yes,0,Graduate,,3333,2500.0,128.0,360.0,1.0,Semiurban,BR-KOL,,Y
LP002978,Female,No,0,Graduate,No,2900,0.0,71.0,360.0,1.0,Rural,BR-KOL,,Y
LP001250,Male,Yes,3+,Not Graduate,No,4755,0.0,95.0,,0.0,semiurban,BR-KOL,walk-in applicant,N
LP002912,Male,Yes,1,Graduate,No,4283,3000.0,172.0,84.0,1.0,Rural,BR-KOL,,N
LP200122,Male,Yes,2,Graduate,No,37845,5281.0,112.0,348.0,1.0,Rural,,,Y
LP002785,Male,Yes,1,Graduate,No,3333,3250.0,158.0,360.0,1.0,  Urban ,BR-BLR,walk-in applicant,Y
LP002054,Male,Yes,2,not graduate,No,3601,1590.0,,360.0,1.0,Rural,BR-DEL,follow-up needed,Y
LP200127,Male,Yes,1,Graduate,No,2600,2107.0,99.0,384.0,1.0,Semiurban,,,Y
LP002772,Male,  No ,0,graduate,NO,2526,1783.0,145.0,360.0,1.0,Rural,BR-BLR,,Y
LP002519,Male,Yes,3+,Graduate,No,4691,0.0,100.0,360.0,1.0,Semiurban,BR-DEL,,Y
LP001243,Male,Yes,0,Graduate,No,3208,3066.0,172.0,360.0,1.0,Urban,,follow-up needed,Y
LP001720,Male,Yes,3+,Not Graduate,No,3850,983.0,100.0,360.0,1.0,SEMIURBAN,BR-BLR,,Y
LP001357,Male,,,Graduate,No,3816,754.0,160.0,360.0,1.0,Urban,BR-MUM,,Y
LP200041,male,Yes,0,Graduate,,2669,2234.0,141.0,372.0,1.0,Semiurban,BR-HYD,,Y
LP002115,Male,Yes,3+,Not Graduate,No,2647,1587.0,173.0,360.0,1.0,Rural,BR-BLR,,N
LP002842,Male,Yes,,graduate,No,3417,1750.0,186.0,360.0,1.0,urban,BR-BLR,,Y
LP001722,Male,Yes,0,Graduate,No,150,1800.0,135.0,360.0,1.0,Rural,BR-HYD,,N
LP001711,Male,Yes,3+,Graduate,No,3430,1250.0,128.0,360.0,0.0,Semiurban,BR-DEL,,N
LP200182,Female,No,0,Graduate,No,3190,0.0,62.0,384.0,1.0,Urban,BR-KOL,,Y
LP200146,Male,Yes,0,Graduate,No,9885,0.0,182.0,180.0,1.0,Rural,BR-CHN,,Y
LP002051,Male,Yes,0,GRADUATE,No,2400,2167.0,115.0,360.0,1.0,Semiurban,BR-DEL,,Y
LP001825,Male,Yes,0,Graduate,No,1809,1868.0,90.0,360.0,,Urban,BR-MUM,follow-up needed,Y
LP200063,Male,Yes,1,Graduate,No,3250,1081.0,,360.0,1.0,Urban,BR-HYD,,Y
LP001884,Female,No,1,Graduate,No,2876,1560.0,90.0,360.0,1.0,Urban,BR-KOL,,Y
LP002453,Male,No,0,Graduate,,7085,0.0,84.0,360.0,1.0,Semiurban,BR-MUM,,Y
LP002940,Male,No,0,Not Graduate,,3833,0.0,110.0,360.0,1.0,RURAL,BR-HYD,,Y
LP200009,male,No,1,Graduate,No,4670,1870.0,114.0,336.0,1.0,Urban,BR-DEL,,Y
LP001005,Male,Yes,0,Graduate,Yes,3000,0.0,66.0,360.0,,Urban,BR-HYD,,Y
LP002916,  Male ,Yes,0,Graduate,No,2297,1522.0,104.0,360.0,1.0,Urban,BR-BLR,follow-up needed,Y
LP001052,Male,Yes,1,Graduate,,3717,2925.0,151.0,360.0,,Semiurban,BR-DEL,,N
LP200139,MALE,Yes,1,Graduate,No,5676,1035.0,27.0,,1.0,Semiurban,BR-MUM,,Y
LP200049,,No,,Graduate,No,4238,0.0,,372.0,1.0,Semiurban,BR-KOL,,Y
LP001715,Male,Yes,3+,Not Graduate,,5703,0.0,130.0,360.0,,Rural,BR-DEL,pending review,Y
LP001633,Male,Yes,1,Graduate,No,6400,7250.0,180.0,360.0,0.0,Urban,BR-DEL,,N
LP001508,Male,YES,2,Graduate,No,11757,0.0,187.0,180.0,1.0,URBAN,BR-BLR,,Y
LP200043,Female,No,3+,Graduate,,421,42703.0,326.0,180.0,,Urban,,,N
LP200181,Female,No,0,Graduate,No,4178,0.0,119.0,372.0,1.0,Semiurban,BR-KOL,referred by agent,N
LP002706,Male,Yes,1,Not Graduate,No,5285,1430.0,161.0,360.0,0.0,Semiurban,BR-KOL,pending review,Y
LP001205,Male,  Yes ,0,Graduate,No,2500,3796.0,120.0,360.0,1.0,  Urban ,,walk-in applicant,Y
LP002103,,Yes,1,Graduate,Yes,9833,1833.0,182.0,180.0,1.0,Urban,,pending review,Y
LP002305,Female,No,0,Graduate,No,4547,0.0,,360.0,1.0,Semiurban,BR-BLR,,Y
LP002296,Male,NO,0,Not Graduate,No,2755,0.0,65.0,300.0,1.0,Rural,BR-KOL,,N
LP200096,Male,No,0,Graduate,No,2905,0.0,72.0,504.0,,Urban,BR-HYD,,N
LP002832,Male,Yes,2,Graduate,No,8799,0.0,1628.0,360.0,0.0,Urban,BR-KOL,walk-in applicant,N
LP001325,Male,No,0,Not Graduate,No,3620,0.0,25.0,120.0,1.0,semiurban,BR-DEL,,Y
LP001478,Male,No,0,Graduate,,2718,0.0,70.0,360.0,1.0,Semiurban,BR-DEL,pending review,Y
LP002266,MALE,Yes,2,Graduate,No,3100,1400.0,113.0,360.0,1.0,Urban,BR-CHN,,Y
LP002757,Female,Yes,0,Not Graduate,,3017,663.0,102.0,360.0,,Semiurban,BR-DEL,,Y
LP200125,Male,Yes,2,Graduate,No,8162,0.0,231.0,384.0,1.0,Semiurban,BR-BLR,,Y
LP002517,Male,Yes,1,Not Graduate,No,2653,1500.0,113.0,180.0,0.0,Rural,BR-DEL,follow-up needed,N
LP001443,Female,No,0,Graduate,No,3692,0.0,93.0,360.0,,Rural,BR-CHN,referred by agent,Y
LP001945,Female,No,,Graduate,No,35375,0.0,143.0,480.0,0.0,Urban,BR-HYD,,N
LP200007,Male,  Yes ,3+,Not Graduate,No,2823,1667.0,71.0,168.0,0.0,Urban,BR-BLR,,N
LP002194,Female,No,0,Graduate,Yes,15759,0.0,55.0,360.0,1.0,Semiurban,BR-MUM,,Y
LP001854,Male,Yes,3+,Graduate,No,5250,0.0,94.0,360.0,1.0,Urban,BR-KOL,,N
LP200160,MALE,Yes,1,Not Graduate,No,2665,1418.0,112.0,180.0,0.0,Rural,,,N
LP001761,Male,No,0,  Graduate ,YES,6400,0.0,200.0,360.0,1.0,Rural,BR-DEL,,Y
LP001900,Male,Yes,1,Graduate,No,2750,1842.0,115.0,360.0,1.0,Semiurban,BR-HYD,,Y
LP002224,Male,No,0,Graduate,no,3069,0.0,71.0,480.0,1.0,Urban,BR-HYD,,N
LP002008,Male,Yes,2,Graduate,Yes,5746,0.0,144.0,84.0,,Rural,BR-MUM,,Y
LP001426,Male,Yes,,Graduate,No,5667,2667.0,180.0,360.0,1.0,Rural,BR-BLR,referred by agent,Y
LP001836,Female,No,2,Graduate,No,3427,0.0,138.0,360.0,1.0,Urban,BR-MUM,,N
LP001998,Male,Yes,2,not graduate,No,7667,0.0,185.0,360.0,,  Rural ,BR-HYD,,Y
LP001003,Male,YES,1,graduate,No,4583,1508.0,128.0,360.0,1.0,Rural,BR-MUM,,N
LP001405,Male,Yes,1,  Graduate ,No,2214,1398.0,85.0,360.0,,Urban,BR-DEL,,Y
LP001228,Male,No,0,NOT GRADUATE,No,3200,2254.0,126.0,180.0,,Urban,BR-BLR,,N
LP200169,Male,No,0,Not Graduate,No,2235,1530.0,128.0,348.0,,Semiurban,BR-HYD,follow-up needed,Y
LP200001,Female,,,Graduate,No,10186,0.0,,228.0,1.0,Semiurban,BR-HYD,,Y
LP002560,Male,No,0,Not Graduate,No,2699,2785.0,96.0,360.0,,Semiurban,BR-BLR,,Y
LP001322,Male,No,0,Graduate,No,4133,0.0,122.0,360.0,1.0,Semiurban,BR-DEL,walk-in applicant,Y
LP001020,Male,Yes,1,Graduate,No,12841,10968.0,349.0,360.0,1.0,Semiurban,BR-BLR,,N
LP001233,Male,Yes,1,Graduate,No,10750,0.0,312.0,360.0,1.0,Urban,BR-KOL,,Y
LP002493,Male,No,0,Graduate,No,4166,0.0,98.0,360.0,0.0,Semiurban,BR-KOL,,N
LP002560,Male,No,0,Not Graduate,No,2699,2785.0,96.0,360.0,,Semiurban,BR-BLR,,Y
LP001038,Male,Yes,0,Not Graduate,No,4887,0.0,133.0,360.0,1.0,Rural,BR-BLR,,N
LP001608,male,Yes,2,Graduate,No,2045,1619.0,101.0,360.0,1.0,Rural,BR-CHN,,Y
LP200147,Male,Yes,0,Graduate,No,6670,0.0,125.0,372.0,1.0,Semiurban,BR-KOL,follow-up needed,Y
LP002178,  Male ,Yes,0,Graduate,No,3013,3033.0,95.0,300.0,,Urban,BR-DEL,,Y
LP002297,Male,No,0,Graduate,No,2500,20000.0,103.0,360.0,1.0,Semiurban,BR-CHN,,Y
LP002547,Male,Yes,1,Graduate,No,18333,0.0,500.0,360.0,1.0,Urban,BR-KOL,walk-in applicant,N
LP001030,Male,yes,2,Graduate,No,1299,1086.0,17.0,120.0,1.0,Urban,BR-MUM,,Y
LP002288,  Male ,Yes,2,Not Graduate,No,2889,0.0,45.0,180.0,0.0,Urban,,,N
LP002855,Male,Yes,2,Graduate,No,16666,0.0,275.0,360.0,1.0,Urban,BR-BLR,,Y
LP001570,Male,Yes,2,Graduate,No,4167,1447.0,158.0,360.0,1.0,Rural,BR-HYD,,Y
LP200144,Male,Yes,3+,  Graduate ,No,4591,0.0,104.0,360.0,1.0,Semiurban,BR-KOL,,Y
LP200052,Male,No,0,Graduate,Yes,6598,0.0,86.0,336.0,1.0,Semiurban,BR-HYD,,Y
LP002670,Female,Yes,2,Graduate,No,2031,1632.0,113.0,,1.0,Semiurban,BR-KOL,,Y
LP002784,Male,Yes,1,Not Graduate,No,2492,2375.0,,360.0,1.0,Rural,BR-CHN,,Y
LP001800,Male,Yes,1,Not Graduate,No,2510,1983.0,140.0,180.0,1.0,Urban,BR-CHN,walk-in applicant,N
LP200060,Male,Yes,,Graduate,No,4442,1408.0,131.0,348.0,1.0,Rural,BR-BLR,,N
LP001736,Male,Yes,0,Graduate,No,2221,0.0,60.0,,0.0,Urban,BR-KOL,,N
LP002840,Female,No,0,Graduate,NO,2378,0.0,9.0,360.0,1.0,Urban,BR-BLR,,N
LP001194,Male,Yes,2,Graduate,No,2708,1167.0,97.0,360.0,1.0,Semiurban,BR-BLR,,Y
LP002716,Male,No,0,Not Graduate,No,6783,0.0,130.0,360.0,1.0,Semiurban,BR-DEL,,Y
LP001806,MALE,  No ,0,Graduate,,2965,5701.0,155.0,60.0,1.0,Urban,BR-MUM,pending review,Y
LP200031,Male,yes,2,Graduate,Yes,16104,959.0,144.0,360.0,1.0,Rural,BR-KOL,,Y
LP001385,Male,No,0,Graduate,No,5316,0.0,136.0,360.0,1.0,Urban,BR-MUM,walk-in applicant,Y
LP200086,Male,Yes,3+,Not Graduate,No,3169,0.0,71.0,360.0,1.0,Semiurban,BR-MUM,,Y
LP001896,MALE,Yes,2,Graduate,No,3900,0.0,90.0,360.0,1.0,Semiurban,,pending review,Y
LP002191,Male,Yes,0,Graduate,No,19730,5266.0,570.0,360.0,1.0,Rural,BR-CHN,,N
LP002170,Male,Yes,2,Graduate,No,5000,3667.0,236.0,360.0,1.0,Semiurban,BR-HYD,,Y
LP001907,Male,Yes,0,Graduate,No,14583,0.0,436.0,360.0,1.0,Semiurban,BR-MUM,walk-in applicant,Y
LP002515,Male,Yes,1,  Graduate ,Yes,3450,2079.0,162.0,360.0,,Semiurban,BR-DEL,,Y
LP001871,Female,No,0,Graduate,No,7200,0.0,120.0,360.0,1.0,Rural,BR-BLR,,Y
LP001091,Male,Yes,1,Graduate,,4166,3369.0,201.0,360.0,,Urban,BR-KOL,,N
LP200020,Male,No,0,Graduate,No,11762,0.0,172.0,372.0,1.0,Semiurban,BR-BLR,walk-in applicant,N
LP002144,Female,No,,Graduate,No,3813,0.0,116.0,180.0,1.0,Urban,,,Y
LP001263,Male,Yes,3+,GRADUATE,No,3167,4000.0,180.0,300.0,0.0,Semiurban,BR-HYD,,N
LP001744,Male,No,0,Graduate,No,22869,2791.0,144.0,360.0,1.0,Semiurban,BR-HYD,,Y
LP200058,Female,Yes,1,Graduate,Yes,19842,0.0,600.0,360.0,1.0,Semiurban,BR-BLR,,Y
LP002945,Male,Yes,0,Graduate,Yes,9963,0.0,180.0,360.0,1.0,Rural,BR-BLR,follow-up needed,Y
LP002500,Male,Yes,3+,Not Graduate,No,2947,1664.0,,180.0,0.0,  Urban ,BR-MUM,,N
LP002874,Male,No,0,Graduate,No,3229,2739.0,,360.0,1.0,Urban,BR-KOL,,Y
LP200000,Male,Yes,,Graduate,No,13410,0.0,,372.0,1.0,Urban,BR-MUM,walk-in applicant,Y
LP200101,Male,No,0,Graduate,No,4623,0.0,102.0,372.0,1.0,Semiurban,BR-DEL,pending review,Y
LP001634,Male,No,0,Graduate,No,1916,5063.0,67.0,360.0,,Rural,BR-MUM,,N
LP002181,Male,No,0,Not Graduate,No,6216,0.0,133.0,360.0,1.0,Rural,BR-BLR,,N
LP200004,Male,Yes,2,Not Graduate,Yes,10956,1792.0,94.0,360.0,1.0,Semiurban,BR-KOL,referred by agent,Y
LP002768,Male,No,0,Not Graduate,No,3358,0.0,80.0,36.0,1.0,Semiurban,BR-BLR,,N
LP002729,Male,No,1,  Graduate ,NO,11250,0.0,196.0,360.0,,Semiurban,BR-KOL,pending review,N
LP001233,Male,Yes,1,Graduate,No,10750,0.0,312.0,360.0,1.0,Urban,BR-KOL,,Y
LP001164,Female,No,0,Graduate,No,4230,0.0,112.0,360.0,1.0,Semiurban,BR-CHN,,N
LP002863,Male,Yes,3+,Graduate,No,6406,0.0,150.0,360.0,1.0,Semiurban,BR-DEL,,N
LP002403,Male,No,0,Graduate,Yes,10416,0.0,187.0,360.0,0.0,Urban,BR-KOL,follow-up needed,N
LP002119,Male,Yes,1,Not Graduate,No,31747,1229.0,158.0,360.0,1.0,Urban,BR-BLR,,Y
LP001310,Male,Yes,0,Graduate,No,5695,4167.0,175.0,360.0,1.0,Semiurban,BR-HYD,,Y
LP002357,Female,No,0,Not Graduate,No,2720,0.0,80.0,,0.0,Urban,BR-HYD,,N
LP002740,Male,Yes,3+,Graduate,No,6417,0.0,157.0,180.0,1.0,Rural,BR-BLR,pending review,Y
LP001914,Male,  Yes ,0,Graduate,No,3927,800.0,802.0,360.0,1.0,Semiurban,BR-CHN,walk-in applicant,Y
LP002739,Male,Yes,0,Not Graduate,No,2917,536.0,66.0,360.0,1.0,Rural,BR-HYD,,N
LP001811,Male,Yes,0,Not Graduate,No,3406,4417.0,123.0,360.0,,Semiurban,,pending review,Y
LP200150,Male,Yes,2,Graduate,No,2251,1041.0,78.0,180.0,1.0,Urban,BR-DEL,,Y
LP200097,Male,No,0,Graduate,No,2515,0.0,73.0,348.0,1.0,Urban,BR-MUM,,N
LP200076,Female,No,0,Graduate,No,3965,0.0,113.0,372.0,1.0,Semiurban,BR-HYD,,N
LP002893,Male,No,0,Graduate,No,1836,33837.0,90.0,360.0,1.0,Urban,BR-BLR,follow-up needed,N
LP001213,Male,Yes,1,Graduate,No,4945,0.0,,360.0,0.0,rural,BR-MUM,,N
LP001726,Male,Yes,0,Graduate,No,3727,1775.0,131.0,360.0,1.0,Semiurban,BR-CHN,follow-up needed,Y
LP200008,Male,Yes,0,Graduate,No,3221,2882.0,129.0,384.0,1.0,Urban,BR-HYD,,Y
LP200088,Male,Yes,1,Not Graduate,No,2606,1526.0,113.0,192.0,0.0,Rural,BR-HYD,,N
LP002556,Male,No,0,Graduate,,2435,0.0,75.0,360.0,1.0,Urban,BR-BLR,,N
LP200069,Female,No,1,Graduate,No,3024,1650.0,90.0,360.0,1.0,urban,BR-MUM,,Y
LP002582,Female,No,,Not Graduate,Yes,17263,0.0,225.0,360.0,1.0,Semiurban,BR-BLR,,Y
LP200156,Male,Yes,0,Graduate,No,6055,0.0,132.0,348.0,1.0,Semiurban,BR-BLR,,Y
LP002836,Male,No,0,  Graduate ,no,3333,0.0,70.0,360.0,1.0,Urban,BR-DEL,,Y
LP002625,,No,0,Graduate,no,3583,0.0,96.0,360.0,1.0,Urban,BR-HYD,,N
LP001673,Male,No,0,Graduate,Yes,11000,0.0,83.0,360.0,1.0,Urban,BR-CHN,,N
LP002219,Male,Yes,3+,Graduate,No,8750,4996.0,130.0,360.0,1.0,Rural,,,Y
LP200159,  Male ,Yes,2,Not Graduate,No,3849,1453.0,166.0,360.0,1.0,Rural,BR-MUM,,Y
LP002894,Female,Yes,0,GRADUATE,  No ,3166,0.0,36.0,360.0,1.0,Semiurban,BR-CHN,,Y
LP001864,  Male ,Yes,3+,Not Graduate,No,4931,0.0,128.0,360.0,,Semiurban,BR-CHN,,N
LP002585,Male,Yes,0,Graduate,No,3597,2157.0,119.0,360.0,0.0,Rural,BR-CHN,,N
LP001954,Female,Yes,1,Graduate,No,4666,0.0,135.0,360.0,1.0,Urban,BR-BLR,,Y
LP001702,Male,No,0,Graduate,No,3418,0.0,127.0,360.0,1.0,Semiurban,BR-DEL,pending review,N
LP002931,Male,yes,2,graduate,Yes,6000,0.0,205.0,240.0,,Semiurban,BR-DEL,,N
LP200087,Male,Yes,1,Graduate,Yes,10364,3912.0,163.0,168.0,0.0,URBAN,,walk-in applicant,N
LP001179,Male,Yes,2,Graduate,No,4616,0.0,134.0,360.0,1.0,Urban,BR-BLR,,N
LP002804,Female,Yes,0,Graduate,No,4180,2306.0,182.0,360.0,1.0,Semiurban,BR-DEL,,Y
LP200176,Male,Yes,0,Not Graduate,No,4306,0.0,122.0,348.0,,Rural,BR-DEL,,Y
LP001674,Male,Yes,1,Not Graduate,No,2600,2500.0,90.0,360.0,1.0,Semiurban,BR-HYD,follow-up needed,Y
LP001473,Male,No,0,Graduate,No,2014,1929.0,74.0,360.0,1.0,Urban,BR-KOL,,Y
LP002789,Male,yes,0,Graduate,No,3593,4266.0,132.0,180.0,0.0,Rural,BR-CHN,pending review,N
LP001213,Male,Yes,1,Graduate,No,4945,0.0,,360.0,0.0,rural,BR-MUM,,N
LP002948,Male,  Yes ,2,Graduate,No,5780,0.0,192.0,360.0,1.0,Urban,BR-DEL,,Y
LP002734,Male,Yes,0,Graduate,No,6133,3906.0,,360.0,1.0,Urban,BR-BLR,,Y
LP002435,Male,Yes,0,Graduate,,3539,1376.0,55.0,360.0,1.0,Rural,BR-BLR,,N
LP002798,Male,Yes,0,  Graduate ,No,3887,2669.0,162.0,360.0,1.0,Semiurban,BR-CHN,pending review,Y
LP002314,Female,  No ,0,Not Graduate,No,2213,0.0,,360.0,1.0,Rural,BR-CHN,,Y
LP200016,Male,,3+,Not Graduate,No,3319,0.0,72.0,360.0,1.0,Semiurban,BR-DEL,,Y
LP002536,Male,Yes,3+,Not Graduate,No,3095,0.0,113.0,360.0,1.0,Rural,BR-DEL,,Y
LP200003,Male,Yes,2,Graduate,No,10651,1200.0,235.0,348.0,1.0,Urban,BR-CHN,,Y
LP002050,  Male ,Yes,1,Graduate,Yes,10000,0.0,,360.0,1.0,Rural,BR-HYD,,N
LP002006,Female,No,0,Graduate,No,2507,0.0,56.0,360.0,1.0,Rural,BR-BLR,,Y
LP200021,male,Yes,0,Graduate,  No ,3898,3074.0,202.0,348.0,1.0,Semiurban,BR-BLR,,Y
LP200028,Male,  No ,2,Graduate,No,5369,4428.0,172.0,372.0,1.0,Rural,BR-DEL,,Y
LP002110,Male,Yes,1,Graduate,,5250,688.0,160.0,360.0,1.0,Rural,BR-KOL,,Y
LP002501,,Yes,0,Graduate,No,16692,0.0,110.0,360.0,1.0,Semiurban,BR-KOL,,Y
LP002833,Male,Yes,0,Not Graduate,No,4467,0.0,120.0,360.0,,Rural,BR-CHN,,Y
LP200051,Male,No,0,Graduate,No,2354,0.0,101.0,492.0,1.0,Semiurban,BR-CHN,walk-in applicant,N
LP200027,Male,Yes,2,Not Graduate,No,3629,251.0,104.0,336.0,1.0,Semiurban,BR-MUM,,Y
LP001255,Male,No,0,Graduate,No,3750,0.0,113.0,480.0,,Urban,BR-CHN,follow-up needed,N
LP002301,Female,No,0,Graduate,Yes,7441,0.0,194.0,360.0,1.0,Rural,BR-MUM,walk-in applicant,N
LP001279,Male,No,0,Graduate,,2366,2531.0,136.0,360.0,1.0,Semiurban,BR-DEL,,Y
LP001917,Female,No,0,Graduate,No,1811,1666.0,54.0,360.0,1.0,Urban,BR-KOL,referred by agent,Y
LP001882,,Yes,3+,Graduate,no,4333,1811.0,160.0,,0.0,Urban,BR-HYD,,Y
LP200100,,Yes,2,Not Graduate,No,4438,1030.0,114.0,372.0,1.0,Urban,BR-KOL,,Y
LP200048,Male,Yes,2,Graduate,No,8481,0.0,272.0,384.0,0.0,Urban,BR-CHN,,N
LP002911,Male,Yes,1,Graduate,No,2787,1917.0,146.0,360.0,0.0,Rural,BR-BLR,,N
LP002714,Male,No,1,Not Graduate,No,2679,1302.0,94.0,360.0,,Semiurban,BR-BLR,,Y
LP001041,Male,Yes,0,Graduate,,2600,3500.0,115.0,,1.0,Urban,BR-DEL,pending review,Y
LP002082,male,Yes,0,Graduate,Yes,5818,2160.0,184.0,360.0,1.0,Semiurban,BR-KOL,,Y
LP001639,Female,  Yes ,0,Graduate,No,3625,0.0,108.0,360.0,1.0,Semiurban,BR-DEL,,Y
LP001743,Male,Yes,2,Graduate,No,4009,1717.0,927.0,360.0,1.0,Semiurban,BR-HYD,,Y
LP001963,Male,Yes,1,Graduate,,2014,2925.0,113.0,360.0,1.0,Urban,BR-MUM,,N
LP200103,Male,No,1,  Graduate ,Yes,4958,0.0,103.0,384.0,1.0,Rural,BR-CHN,,N
LP200046,Male,Yes,1,Not Graduate,No,2374,2101.0,147.0,168.0,1.0,Urban,BR-BLR,,N
LP200119,Male,Yes,0,Not Graduate,No,2297,2461.0,,384.0,0.0,Urban,BR-KOL,,N
LP200131,MALE,No,0,Graduate,  No ,4999,1985.0,,360.0,,SEMIURBAN,BR-MUM,referred by agent,N
LP001994,Female,No,0,Graduate,No,2400,1863.0,104.0,360.0,0.0,Urban,BR-CHN,,N
LP002128,Male,Yes,2,Graduate,,2583,2330.0,125.0,360.0,1.0,rural,BR-HYD,,Y
LP002263,Male,Yes,0,Graduate,No,2583,2115.0,120.0,360.0,,URBAN,BR-KOL,,Y
LP200128,,Yes,0,Not Graduate,,1902,1880.0,98.0,360.0,1.0,Rural,BR-CHN,,Y
LP002960,Male,Yes,0,Not Graduate,,2400,3800.0,,180.0,1.0,Urban,BR-KOL,,N
LP200064,Male,Yes,2,Graduate,No,7029,1705.0,219.0,,1.0,Semiurban,BR-CHN,,Y
LP002958,Male,No,0,Graduate,No,3676,4301.0,172.0,360.0,1.0,Rural,BR-HYD,,Y
LP001765,,YES,1,Graduate,No,2491,2054.0,104.0,360.0,1.0,Semiurban,BR-KOL,,Y
LP002555,Male,Yes,2,Graduate,  Yes ,4583,2083.0,160.0,360.0,1.0,Semiurban,BR-HYD,,Y
LP002938,Male,YES,0,Graduate,Yes,16120,0.0,260.0,360.0,1.0,Urban,,,Y
LP002087,Female,No,0,Graduate,No,2500,0.0,67.0,360.0,1.0,Urban,BR-KOL,,Y
LP001225,Male,YES,0,Graduate,No,5726,4595.0,258.0,360.0,1.0,Semiurban,BR-BLR,,N
LP001068,Male,Yes,0,Graduate,No,2799,2253.0,122.0,360.0,,Semiurban,BR-CHN,,Y
LP200104,male,Yes,0,Graduate,No,6188,0.0,147.0,360.0,1.0,Urban,BR-BLR,,Y
LP001579,Male,No,0,Graduate,No,17162,0.0,63.0,480.0,,Semiurban,BR-BLR,,N
LP001073,Male,Yes,2,Not Graduate,,4226,1040.0,110.0,360.0,1.0,urban,BR-KOL,,Y
LP002447,Male,Yes,2,Not Graduate,No,1958,1456.0,60.0,300.0,,Urban,BR-MUM,,Y
LP001259,Male,Yes,1,Graduate,YES,1000,3022.0,110.0,360.0,1.0,Urban,BR-MUM,,N
LP002209,Female,no,0,Graduate,,2764,1459.0,110.0,360.0,1.0,Urban,BR-HYD,referred by agent,Y
LP002332,Male,Yes,0,Not Graduate,,2253,2033.0,110.0,360.0,1.0,Rural,BR-BLR,,Y
LP002225,male,Yes,2,Graduate,No,5391,0.0,130.0,360.0,1.0,Urban,BR-KOL,,Y
LP001398,Male,No,0,Graduate,,5050,0.0,118.0,360.0,1.0,Semiurban,BR-MUM,walk-in applicant,Y
LP002141,Male,Yes,3+,Graduate,No,2666,2083.0,95.0,360.0,1.0,Rural,BR-DEL,pending review,Y
LP200146,Male,Yes,0,Graduate,No,9885,0.0,182.0,180.0,1.0,Rural,BR-CHN,,Y
LP001520,Male,Yes,0,Graduate,No,4860,830.0,125.0,360.0,1.0,Semiurban,BR-KOL,,Y
LP002337,Female,,0,Graduate,No,2995,0.0,60.0,360.0,,Urban,BR-BLR,,Y
LP200084,FEMALE,No,0,Graduate,No,3883,0.0,109.0,336.0,0.0,Semiurban,BR-KOL,,N
LP001814,Male,Yes,2,Graduate,No,9703,0.0,112.0,360.0,1.0,Urban,BR-HYD,,Y
LP001699,male,No,0,Graduate,No,2479,0.0,59.0,360.0,1.0,Urban,BR-CHN,,Y
LP002683,Male,No,0,Graduate,No,4683,1915.0,185.0,360.0,1.0,Semiurban,BR-DEL,,N
LP001146,Female,Yes,0,Graduate,No,2645,3440.0,120.0,360.0,0.0,Urban,BR-DEL,,N
LP002234,Male,no,0,Graduate,Yes,7167,0.0,128.0,360.0,1.0,Urban,BR-BLR,,Y
LP200120,,Yes,0,Graduate,Yes,1959,4114.0,171.0,360.0,,Semiurban,BR-BLR,,Y
LP200112,Male,No,0,Graduate,No,6263,0.0,151.0,372.0,1.0,Urban,BR-BLR,,Y
LP002223,Male,Yes,0,Graduate,No,4310,0.0,130.0,360.0,,Semiurban,BR-CHN,,Y
LP001006,Male,Yes,0,  Not Graduate ,No,2583,2358.0,120.0,360.0,1.0,Urban,BR-BLR,,Y
LP002237,Male,No,1,graduate,,3667,0.0,113.0,180.0,1.0,Urban,BR-KOL,,Y
LP200085,Male,Yes,2,NOT GRADUATE,No,2301,1792.0,45.0,336.0,1.0,Semiurban,BR-CHN,,Y
LP200132,Male,Yes,0,  Graduate ,No,4507,5995.0,267.0,372.0,1.0,Semiurban,BR-KOL,,Y
LP002489,Female,No,1,Not Graduate,,5191,0.0,132.0,360.0,1.0,Semiurban,BR-KOL,follow-up needed,Y
LP001996,Male,no,0,Graduate,No,20233,0.0,480.0,360.0,1.0,rural,BR-KOL,,N
LP002943,Male,No,,Graduate,No,2987,0.0,88.0,360.0,0.0,Semiurban,BR-BLR,pending review,N
LP001138,Male,Yes,1,Graduate,No,5649,0.0,44.0,360.0,1.0,Urban,,,Y
LP001265,Female,No,0,Graduate,no,3846,0.0,111.0,360.0,1.0,Semiurban,BR-DEL,,Y
LP002837,Male,YES,3+,Graduate,No,3400,2500.0,123.0,360.0,0.0,Rural,BR-DEL,,N
LP001487,Male,No,0,Graduate,,4895,0.0,102.0,360.0,1.0,Semiurban,BR-MUM,,Y
LP001692,Female,No,0,Not Graduate,No,4408,0.0,120.0,360.0,1.0,Semiurban,BR-KOL,,Y
LP001529,Male,Yes,0,Graduate,Yes,2577,3750.0,152.0,360.0,1.0,Rural,BR-CHN,walk-in applicant,Y
LP001431,Female,NO,0,Graduate,No,2137,8980.0,137.0,360.0,0.0,Semiurban,BR-MUM,,Y
LP200138,Male,Yes,2,Not Graduate,No,4142,984.0,113.0,360.0,1.0,Urban,BR-HYD,,Y
LP002619,Male,Yes,0,Not Graduate,No,3814,1483.0,124.0,300.0,1.0,Semiurban,BR-CHN,,Y
LP002588,Male,,0,Graduate,No,4625,2857.0,111.0,12.0,,Urban,BR-HYD,,Y
LP002494,Male,No,0,Graduate,No,6000,0.0,140.0,360.0,1.0,Rural,BR-BLR,,Y
LP200114,Male,yes,2,Graduate,No,4813,5944.0,197.0,360.0,1.0,Semiurban,BR-HYD,,Y
LP200102,Male,Yes,1,Not Graduate,No,2534,2638.0,89.0,336.0,1.0,  Semiurban ,BR-CHN,,Y
LP200152,  Male ,Yes,0,Not Graduate,No,2907,1591.0,94.0,456.0,0.0,Urban,BR-MUM,,N
LP001594,Male,Yes,0,Graduate,  No ,5708,5625.0,187.0,360.0,1.0,Semiurban,BR-CHN,walk-in applicant,Y
LP002068,Male,No,0,Graduate,No,4917,0.0,130.0,,0.0,Rural,BR-MUM,,Y
LP002443,Male,Yes,2,Graduate,No,3340,1710.0,150.0,360.0,0.0,Rural,BR-KOL,,N
LP200082,Male,Yes,1,Graduate,No,6382,0.0,161.0,360.0,,Rural,BR-KOL,pending review,Y
LP002637,Male,No,0,  Not Graduate ,No,3598,1287.0,100.0,360.0,1.0,Rural,BR-BLR,,N
LP001489,Female,Yes,0,Graduate,No,4583,0.0,84.0,360.0,1.0,Rural,BR-DEL,,N
LP002143,Female,Yes,0,Graduate,No,2423,505.0,130.0,360.0,1.0,Semiurban,,,Y
LP001326,Male,No,0,Graduate,,42948,0.0,,360.0,,Urban,BR-HYD,referred by agent,N
LP001572,Male,Yes,0,Graduate,No,9323,0.0,75.0,180.0,1.0,Urban,BR-HYD,,Y
LP200036,Male,Yes,0,Not Graduate,No,3813,1442.0,120.0,276.0,1.0,Semiurban,BR-MUM,,Y
LP001665,Male,Yes,1,Graduate,  No ,3125,2583.0,170.0,360.0,1.0,Semiurban,BR-MUM,,N
LP002024,,Yes,0,Graduate,  No ,2473,1843.0,159.0,360.0,1.0,Rural,BR-HYD,,N
LP001770,Male,No,,Not Graduate,No,3189,2598.0,120.0,,1.0,Rural,BR-MUM,,Y
LP002043,Female,No,1,Graduate,No,3541,0.0,112.0,360.0,,Semiurban,BR-KOL,,Y
LP002543,Male,Yes,2,Graduate,No,8333,0.0,246.0,360.0,1.0,Semiurban,BR-BLR,,Y
LP001630,Male,No,0,Not Graduate,No,2333,1451.0,102.0,480.0,0.0,Urban,BR-MUM,referred by agent,N
LP200184,Male,No,0,Graduate,Yes,10914,0.0,195.0,348.0,0.0,Urban,BR-BLR,,N
LP002531,,Yes,1,Graduate,Yes,16667,2250.0,86.0,360.0,1.0,Semiurban,BR-CHN,,Y
LP001137,female,No,0,GRADUATE,No,3410,0.0,88.0,,1.0,Urban,BR-HYD,,Y
LP001282,Male,Yes,0,Graduate,No,2500,2118.0,104.0,,1.0,Semiurban,BR-CHN,,Y
LP002571,Male,No,0,Not Graduate,No,3691,0.0,110.0,360.0,1.0,Rural,BR-MUM,,Y
LP001504,Male,No,0,Graduate,Yes,6950,0.0,175.0,180.0,,Semiurban,BR-HYD,,Y
LP002562,Male,Yes,1,Not Graduate,No,5333,1131.0,186.0,360.0,,Urban,BR-BLR,walk-in applicant,Y
LP002205,Male,No,1,Graduate,,3062,1987.0,111.0,180.0,0.0,Urban,BR-MUM,referred by agent,N
LP200017,Male,Yes,1,Not Graduate,No,5065,1179.0,175.0,384.0,,Urban,BR-HYD,,Y
LP001872,Male,No,,Graduate,Yes,5166,0.0,128.0,360.0,,Semiurban,,,Y
LP200154,Female,No,1,NOT GRADUATE,Yes,3970,0.0,65.0,372.0,1.0,Semiurban,BR-HYD,,N
LP200109,Male,  No ,0,Not Graduate,No,3414,0.0,75.0,36.0,1.0,  Semiurban ,BR-KOL,,N
LP001123,Male,Yes,0,graduate,No,2400,0.0,75.0,360.0,,Urban,BR-KOL,,Y
LP002161,Female,No,1,Graduate,No,4723,0.0,81.0,360.0,1.0,Semiurban,BR-KOL,,N
LP002692,Male,yes,3+,Graduate,Yes,5677,1424.0,100.0,360.0,1.0,Rural,BR-MUM,,Y
LP002444,Male,No,1,Not Graduate,Yes,2769,1542.0,190.0,360.0,,Semiurban,BR-CHN,,N
LP001514,Female,Yes,0,Graduate,No,2330,4486.0,100.0,360.0,1.0,Semiurban,BR-HYD,walk-in applicant,Y
LP200106,  Male ,Yes,0,  Not Graduate ,No,2255,2497.0,108.0,360.0,1.0,Urban,BR-CHN,follow-up needed,Y
LP001891,Male,Yes,0,Graduate,No,11146,0.0,136.0,360.0,1.0,Urban,BR-DEL,,Y
LP002272,Male,,2,Graduate,No,3276,484.0,135.0,360.0,,Semiurban,BR-DEL,pending review,Y
LP001289,MALE,No,0,Graduate,No,8566,0.0,210.0,360.0,1.0,Urban,BR-DEL,,Y
LP200105,Male,Yes,2,Graduate,No,4724,5489.0,213.0,372.0,1.0,Semiurban,BR-MUM,,Y
LP200116,Male,Yes,0,Graduate,No,2445,2159.0,124.0,360.0,,Urban,BR-MUM,,Y
LP001974,Female,No,0,  Graduate ,,5000,0.0,132.0,360.0,1.0,Rural,BR-BLR,pending review,Y
LP200178,,Yes,2,Graduate,  No ,4280,0.0,95.0,336.0,1.0,Urban,BR-BLR,,N
LP200032,Male,Yes,0,Graduate,No,9743,0.0,175.0,180.0,1.0,rural,BR-HYD,,Y
LP001843,Male,Yes,1,Not Graduate,No,2661,7101.0,279.0,180.0,1.0,Semiurban,BR-HYD,,Y
LP200002,Female,No,0,Graduate,No,3037,0.0,30.0,,1.0,Urban,BR-HYD,,Y
LP002684,Female,No,0,Not Graduate,No,3400,0.0,626.0,360.0,1.0,Rural,BR-HYD,,N
LP001497,Male,Yes,2,Graduate,,5042,2083.0,185.0,360.0,1.0,Rural,BR-HYD,walk-in applicant,N
LP200179,male,No,0,Graduate,No,2671,19503.0,107.0,348.0,1.0,Semiurban,BR-MUM,,Y
LP002877,Male,Yes,1,Graduate,No,1782,2232.0,,360.0,1.0,Rural,BR-CHN,,Y
LP002229,Male,No,0,Graduate,No,5941,4232.0,296.0,360.0,1.0,Semiurban,BR-DEL,,Y
LP200121,Male,Yes,3+,Graduate,No,6522,0.0,1056.0,372.0,1.0,SEMIURBAN,BR-BLR,,N
LP001925,Female,No,0,Graduate,Yes,2600,1717.0,99.0,300.0,1.0,Semiurban,BR-CHN,,N
LP002527,Male,Yes,2,Graduate,Yes,16525,1014.0,150.0,360.0,1.0,Rural,BR-KOL,,Y
LP002990,Female,No,0,Graduate,Yes,4583,0.0,133.0,360.0,0.0,Semiurban,BR-HYD,,N
LP200080,Male,no,0,Not Graduate,No,3644,0.0,105.0,348.0,1.0,Rural,BR-BLR,,Y
LP002281,Male,Yes,0,Graduate,NO,3033,1459.0,95.0,360.0,1.0,Urban,BR-BLR,,Y
LP002459,Male,yes,0,Graduate,No,4301,0.0,118.0,360.0,1.0,Urban,BR-CHN,pending review,Y
LP002408,Male,No,0,Graduate,No,3660,5064.0,187.0,360.0,1.0,Semiurban,BR-KOL,,Y
LP200025,Male,Yes,1,Graduate,No,5559,5316.0,294.0,372.0,1.0,Urban,BR-BLR,,Y
LP002418,Male,No,3+,Not Graduate,No,4707,1993.0,148.0,360.0,1.0,Semiurban,BR-KOL,,Y
LP001574,Male,Yes,0,Graduate,No,3707,3166.0,182.0,,1.0,Rural,BR-KOL,,Y
LP001136,Male,Yes,0,Not Graduate,  Yes ,4695,0.0,96.0,,1.0,Urban,BR-KOL,,Y
LP002053,Male,Yes,3+,Graduate,No,4342,189.0,124.0,360.0,1.0,Semiurban,BR-DEL,,Y
LP001978,Male,No,0,Graduate,No,4000,2500.0,140.0,360.0,1.0,Rural,BR-DEL,,Y
LP200167,Female,No,1,Graduate,No,13393,0.0,43.0,360.0,1.0,urban,BR-BLR,,Y
LP002379,Male,  No ,0,Graduate,No,6500,0.0,105.0,360.0,0.0,Rural,BR-HYD,referred by agent,N
LP001014,Male,Yes,3+,Graduate,No,3036,2504.0,158.0,360.0,0.0,Semiurban,BR-HYD,,N
LP200137,Male,Yes,2,Not Graduate,No,6216,1563.0,191.0,492.0,1.0,Semiurban,BR-BLR,pending review,N
LP001535,Male,No,0,Graduate,No,3254,0.0,50.0,360.0,1.0,Urban,BR-KOL,pending review,Y
LP002201,Male,Yes,2,Graduate,Yes,9323,7873.0,380.0,300.0,,Rural,BR-MUM,walk-in applicant,Y
LP001846,Female,No,3+,Graduate,No,3083,0.0,255.0,360.0,1.0,Rural,BR-BLR,,Y
LP001516,Female,Yes,2,  Graduate ,No,14866,0.0,70.0,360.0,1.0,Urban,BR-CHN,,Y
LP001904,Male,Yes,0,Graduate,No,3103,1300.0,80.0,360.0,1.0,Urban,BR-CHN,,Y
LP001585,,Yes,3+,Graduate,No,51763,0.0,700.0,300.0,1.0,Urban,BR-CHN,,Y
LP200185,Male,Yes,3+,Not Graduate,No,3804,0.0,,192.0,,Urban,,,N
LP002398,Male,No,0,graduate,,1926,1851.0,50.0,360.0,1.0,Semiurban,BR-CHN,walk-in applicant,Y
LP001238,Male,Yes,3+,Not Graduate,Yes,7100,0.0,125.0,60.0,1.0,Urban,BR-KOL,,Y
LP001844,Male,No,0,Graduate,Yes,16250,0.0,192.0,360.0,,Urban,BR-CHN,,N
LP001266,  Male ,Yes,1,Graduate,Yes,2395,0.0,,360.0,1.0,Semiurban,BR-MUM,,Y
LP002600,Male,Yes,1,Graduate,Yes,2895,0.0,95.0,360.0,1.0,Semiurban,BR-DEL,,Y
LP002130,Male,yes,,Not Graduate,No,3523,3230.0,152.0,360.0,0.0,Rural,BR-CHN,,N
LP002211,Male,Yes,0,Graduate,No,4817,923.0,120.0,180.0,1.0,Urban,BR-DEL,,Y
LP001955,Female,No,0,Graduate,No,5000,2541.0,,480.0,1.0,rural,BR-DEL,,N
LP001318,Male,Yes,2,Graduate,NO,6250,5654.0,188.0,180.0,1.0,Semiurban,BR-MUM,,Y
LP200158,Male,No,1,Graduate,No,3006,1977.0,115.0,168.0,,Urban,BR-HYD,,N
LP001894,MALE,Yes,0,Graduate,No,2620,2223.0,,360.0,1.0,Semiurban,BR-MUM,,Y
LP002841,Male,Yes,0,Graduate,No,3166,2064.0,104.0,360.0,0.0,Urban,BR-MUM,pending review,N
LP200136,Female,No,0,Graduate,No,2573,1614.0,80.0,384.0,,Urban,BR-MUM,,Y
LP001032,Male,No,0,Graduate,No,4950,0.0,125.0,360.0,1.0,Urban,BR-CHN,,Y
LP002767,Male,Yes,0,Graduate,No,2768,1950.0,155.0,360.0,1.0,Rural,BR-HYD,,Y
LP001451,Male,Yes,1,Graduate,Yes,10513,3850.0,160.0,180.0,0.0,Urban,BR-CHN,,N
LP001087,Female,No,2,Graduate,,3750,2083.0,120.0,360.0,1.0,Semiurban,BR-DEL,referred by agent,Y
LP001977,Male,Yes,1,Graduate,No,1625,1803.0,96.0,360.0,1.0,Urban,BR-KOL,,Y
LP001280,Male,yes,2,Not Graduate,No,3333,2000.0,99.0,360.0,,Semiurban,BR-MUM,,Y
LP001949,Male,Yes,3+,GRADUATE,,4416,1250.0,110.0,360.0,1.0,urban,BR-BLR,,Y
LP200117,Female,No,0,Graduate,No,3454,0.0,78.0,384.0,1.0,Urban,BR-KOL,,Y
LP200143,Male,Yes,2,Not Graduate,no,3122,2135.0,125.0,384.0,1.0,Urban,BR-HYD,,Y
LP200140,Female,No,0,Graduate,No,4195,0.0,70.0,336.0,1.0,Semiurban,BR-CHN,,Y
LP001713,Male,Yes,1,Graduate,Yes,7787,0.0,240.0,360.0,1.0,Urban,BR-MUM,,Y
LP001327,female,Yes,,Graduate,No,2484,2302.0,137.0,360.0,1.0,Semiurban,BR-HYD,,Y
LP002813,Female,Yes,1,Graduate,Yes,19484,0.0,600.0,360.0,1.0,Semiurban,BR-BLR,,Y
LP200115,,Yes,0,Graduate,No,2826,1453.0,89.0,336.0,1.0,Urban,BR-KOL,,Y
LP200090,Male,No,0,Graduate,No,14005,0.0,257.0,360.0,0.0,Semiurban,BR-KOL,,N
LP200113,Male,Yes,0,Graduate,No,3662,1671.0,136.0,360.0,1.0,Semiurban,BR-DEL,referred by agent,Y
LP002868,Male,Yes,2,Graduate,No,3159,461.0,108.0,84.0,1.0,Urban,BR-DEL,pending review,Y
LP001698,Male,No,0,Not Graduate,No,31215,2531.0,55.0,360.0,1.0,Rural,BR-CHN,follow-up needed,Y
LP002082,male,Yes,0,Graduate,Yes,5818,2160.0,184.0,360.0,1.0,Semiurban,BR-KOL,,Y
LP001543,Male,Yes,1,Graduate,no,9538,0.0,187.0,360.0,1.0,URBAN,BR-BLR,,Y
LP200059,Male,Yes,0,Not Graduate,No,3007,3002.0,,372.0,0.0,Urban,BR-MUM,pending review,N
LP002347,Male,  Yes ,0,Graduate,no,3246,1417.0,138.0,360.0,1.0,Semiurban,BR-MUM,,Y
LP001387,Female,Yes,0,Graduate,,2929,2333.0,139.0,360.0,1.0,Semiurban,BR-BLR,,Y
LP001778,Male,Yes,1,Graduate,,3155,1779.0,140.0,360.0,1.0,Semiurban,BR-MUM,,Y
LP002624,Male,Yes,0,Graduate,No,20833,6667.0,480.0,360.0,,Urban,BR-MUM,walk-in applicant,Y
LP001116,MALE,No,0,Not Graduate,No,3748,1668.0,110.0,360.0,1.0,Semiurban,BR-CHN,,Y
LP200123,Male,No,0,Not Graduate,Yes,6166,0.0,131.0,372.0,1.0,Semiurban,BR-HYD,,Y
LP001097,Male,,1,Graduate,,4692,0.0,106.0,360.0,1.0,Rural,BR-CHN,,N
LP001947,Male,Yes,0,Graduate,No,2383,3334.0,172.0,360.0,1.0,Semiurban,,,Y
LP002729,Male,No,1,  Graduate ,NO,11250,0.0,196.0,360.0,,Semiurban,BR-KOL,pending review,N
LP002626,Male,Yes,0,Graduate,Yes,2479,3013.0,,360.0,1.0,Urban,BR-KOL,,Y
LP002098,Male,No,0,Graduate,No,2935,0.0,,360.0,1.0,Semiurban,BR-BLR,,Y
LP002315,  Male ,Yes,1,Graduate,No,8300,0.0,152.0,300.0,0.0,Semiurban,BR-KOL,pending review,N
LP002622,  Male ,Yes,2,Graduate,No,3510,4416.0,243.0,360.0,,Rural,BR-MUM,,Y
LP002928,Male,YES,0,Graduate,No,3000,3416.0,56.0,180.0,1.0,Semiurban,BR-HYD,referred by agent,Y
LP001658,Male,No,0,Graduate,No,3858,0.0,76.0,360.0,1.0,SEMIURBAN,BR-CHN,referred by agent,Y
LP200050,Male,Yes,2,Graduate,No,6597,5960.0,195.0,180.0,1.0,Semiurban,BR-CHN,,Y
LP200094,Male,Yes,0,Graduate,No,967,2844.0,105.0,,1.0,Rural,BR-BLR,pending review,Y
LP002446,Male,Yes,2,Not Graduate,No,2309,1255.0,125.0,360.0,0.0,Rural,BR-KOL,,N
LP001469,Male,No,0,Graduate,Yes,20166,0.0,650.0,480.0,,Urban,,,Y
LP200171,Male,YES,2,Graduate,No,7488,0.0,177.0,360.0,1.0,Urban,BR-BLR,,Y
LP001349,Male,No,0,Graduate,,4843,3806.0,151.0,360.0,1.0,Semiurban,BR-MUM,,Y
LP002720,Male,  Yes ,3+,Graduate,No,4281,0.0,100.0,360.0,1.0,Urban,BR-KOL,,Y
LP001682,Male,Yes,3+,Not Graduate,No,3992,0.0,,,1.0,  Urban ,BR-MUM,pending review,N
LP001758,Male,Yes,2,Graduate,No,6250,1695.0,210.0,360.0,1.0,Semiurban,BR-CHN,walk-in applicant,Y
LP002129,Male,Yes,0,Graduate,No,2499,2458.0,160.0,360.0,1.0,Semiurban,BR-KOL,,Y
LP200173,Male,Yes,0,not graduate,No,3407,4211.0,161.0,,0.0,Rural,BR-HYD,,N
LP200074,Male,Yes,3+,Graduate,,4615,1226.0,104.0,360.0,1.0,Urban,BR-BLR,walk-in applicant,Y
LP001448,,Yes,3+,Graduate,No,23803,0.0,370.0,360.0,1.0,Rural,BR-DEL,,Y
LP200130,Male,  Yes ,0,Graduate,No,2124,2031.0,,372.0,1.0,Urban,BR-BLR,follow-up needed,Y
LP002778,Male,Yes,2,Graduate,Yes,6633,0.0,,360.0,0.0,Rural,BR-KOL,follow-up needed,N
LP001824,Male,Yes,1,Graduate,No,2882,1843.0,123.0,480.0,1.0,Semiurban,BR-CHN,pending review,Y
LP001465,Male,Yes,0,Graduate,No,6080,2569.0,182.0,360.0,,Rural,BR-MUM,referred by agent,N
LP002693,Male,Yes,2,  Graduate ,YES,7948,7166.0,480.0,360.0,1.0,Rural,BR-MUM,,Y
LP002925,,No,0,Graduate,No,4750,0.0,94.0,360.0,1.0,Semiurban,BR-CHN,,Y
LP001018,Male,Yes,2,Graduate,No,4006,1526.0,168.0,360.0,1.0,Urban,BR-CHN,,Y
LP002689,Male,Yes,2,Not Graduate,No,2192,1742.0,45.0,360.0,1.0,Semiurban,BR-CHN,,Y
LP001241,,No,0,GRADUATE,No,4300,0.0,136.0,360.0,0.0,Semiurban,BR-HYD,,N
LP200040,FEMALE,Yes,0,graduate,No,4415,0.0,110.0,372.0,1.0,Rural,BR-MUM,,N
LP002231,Female,No,0,Graduate,No,6000,0.0,156.0,360.0,1.0,Urban,BR-DEL,,Y
LP002401,Male,Yes,0,Graduate,No,2213,1125.0,,360.0,1.0,Urban,BR-DEL,walk-in applicant,Y
LP002917,Female,No,0,Not Graduate,No,2165,0.0,70.0,360.0,1.0,Semiurban,BR-MUM,,Y
LP002345,Male,Yes,0,Graduate,No,1025,2773.0,112.0,360.0,1.0,Rural,BR-DEL,,Y
LP200165,Male,  No ,0,Not Graduate,Yes,5830,0.0,137.0,360.0,1.0,Semiurban,,,Y
LP200077,Male,Yes,0,Graduate,No,155,1920.0,,348.0,1.0,Rural,BR-CHN,pending review,N
LP200145,Male,Yes,1,Graduate,No,2534,2158.0,111.0,348.0,1.0,Semiurban,BR-BLR,,Y
LP001491,Male,Yes,2,Graduate,Yes,3316,3500.0,88.0,360.0,1.0,Urban,BR-MUM,,Y
LP002634,Female,No,,Graduate,No,13262,0.0,40.0,360.0,1.0,Urban,BR-BLR,,Y
LP200014,Male,No,0,Graduate,yes,20442,0.0,613.0,456.0,,Urban,BR-DEL,,Y
LP001343,  Male ,Yes,,Graduate,No,1759,3541.0,131.0,360.0,1.0,Semiurban,,,Y
LP001028,Male,Yes,2,Graduate,No,3073,8106.0,200.0,360.0,,Urban,BR-CHN,follow-up needed,Y
LP200161,Male,No,0,Not Graduate,No,3074,2514.0,118.0,,1.0,Rural,BR-KOL,,Y
LP200133,Male,No,0,Graduate,No,2952,5633.0,150.0,60.0,1.0,Urban,BR-MUM,,Y
LP002097,Male,No,1,Graduate,No,4384,1793.0,117.0,360.0,1.0,Urban,BR-CHN,,Y
LP200083,Male,Yes,2,Graduate,No,1284,1048.0,17.0,,1.0,Urban,BR-DEL,,Y
LP001798,Male,Yes,2,Graduate,No,5819,5000.0,120.0,360.0,1.0,Rural,BR-DEL,follow-up needed,Y
LP002738,Male,No,2,Graduate,No,3617,0.0,,360.0,1.0,Semiurban,BR-MUM,,Y
LP001345,,Yes,2,NOT GRADUATE,No,4288,3263.0,133.0,180.0,,Urban,BR-MUM,,Y
LP200095,Female,No,0,Graduate,No,4323,0.0,120.0,348.0,1.0,Semiurban,BR-MUM,,Y
LP001811,Male,Yes,0,Not Graduate,No,3406,4417.0,123.0,360.0,,Semiurban,,pending review,Y
LP002872,,Yes,0,Graduate,No,3087,2210.0,136.0,360.0,0.0,Semiurban,BR-KOL,walk-in applicant,N
LP200047,Male,Yes,0,Graduate,No,2555,2567.0,161.0,360.0,1.0,Semiurban,BR-DEL,,Y
LP002158,Male,Yes,0,Not Graduate,No,3000,1666.0,100.0,480.0,0.0,Urban,BR-HYD,walk-in applicant,N
LP002788,Male,Yes,0,  Not Graduate ,No,2454,2333.0,181.0,360.0,0.0,Urban,BR-HYD,pending review,N
LP002004,Male,No,0,Not Graduate,No,2927,2405.0,111.0,360.0,1.0,Semiurban,BR-MUM,,Y
LP200151,Male,Yes,0,graduate,No,14009,2010.0,2254.0,348.0,1.0,Rural,BR-CHN,,N
LP200030,Male,No,0,Not Graduate,No,3796,1294.0,104.0,384.0,1.0,Rural,BR-DEL,,N
LP001186,Female,Yes,1,Graduate,Yes,11500,0.0,286.0,360.0,0.0,Urban,BR-KOL,,N
LP200019,Male,No,1,Graduate,,3773,0.0,117.0,168.0,1.0,Urban,BR-HYD,,Y
LP002847,,Yes,,Graduate,No,5116,1451.0,165.0,360.0,0.0,Urban,BR-CHN,,N
LP002180,  Male ,No,0,Graduate,Yes,6822,0.0,141.0,,,Rural,BR-CHN,,Y
LP200148,Male,Yes,2,Graduate,No,4400,0.0,95.0,336.0,1.0,Urban,BR-MUM,,N
LP002236,,Yes,2,Graduate,No,4566,0.0,100.0,360.0,1.0,Urban,BR-HYD,walk-in applicant,N
LP002366,male,Yes,0,Graduate,No,2666,4300.0,121.0,360.0,1.0,RURAL,BR-CHN,,Y
LP002369,MALE,Yes,0,Graduate,No,2920,16.12000084,87.0,360.0,1.0,Rural,BR-KOL,,Y
LP001790,Female,No,1,Graduate,No,3812,0.0,112.0,360.0,1.0,rural,BR-HYD,,Y
LP200168,Male,No,1,Graduate,,3532,0.0,108.0,168.0,1.0,Urban,BR-KOL,,Y
LP002941,Male,Yes,2,Not Graduate,Yes,6383,1000.0,187.0,360.0,1.0,Rural,BR-BLR,follow-up needed,N
LP200055,Male,No,3+,Graduate,No,12931,3063.0,,372.0,1.0,Rural,BR-DEL,,N
LP001245,Male,Yes,2,Not Graduate,Yes,1875,1875.0,97.0,360.0,1.0,Semiurban,BR-DEL,,Y
LP002386,MALE,No,0,Graduate,,12876,0.0,405.0,360.0,1.0,Semiurban,,,Y
LP001883,Female,No,0,Graduate,,3418,0.0,135.0,360.0,1.0,Rural,,follow-up needed,N
LP001734,Female,Yes,2,Graduate,No,4283,2383.0,127.0,360.0,,Semiurban,BR-DEL,walk-in applicant,Y
LP001708,Female,No,0,Graduate,No,10000,0.0,214.0,360.0,1.0,Semiurban,BR-KOL,,N
LP001875,Male,No,0,Graduate,  No ,4095,3447.0,151.0,,1.0,Rural,BR-BLR,,Y
LP001908,Female,Yes,0,Not Graduate,No,4100,0.0,124.0,360.0,,Rural,BR-MUM,,Y
LP200053,Male,Yes,2,Graduate,No,5653,0.0,137.0,372.0,,Semiurban,BR-DEL,,Y
LP200015,Male,No,0,Graduate,No,18945,0.0,473.0,348.0,1.0,Rural,BR-BLR,,N
LP001776,Female,no,0,Graduate,No,8333,0.0,,360.0,1.0,Semiurban,BR-DEL,,Y
LP001401,Male,Yes,1,Graduate,No,14583,0.0,185.0,180.0,1.0,Rural,BR-DEL,,Y
LP001606,  Male ,Yes,0,Graduate,NO,3497,1964.0,116.0,360.0,1.0,Rural,BR-HYD,,Y
LP001046,MALE,Yes,1,Graduate,No,5955,5625.0,315.0,,1.0,Urban,BR-MUM,,Y
LP002732,Male,No,0,Not Graduate,,2550,2042.0,126.0,360.0,1.0,Rural,BR-CHN,follow-up needed,Y
LP002142,Female,Yes,0,Graduate,yes,5500,0.0,105.0,360.0,0.0,Rural,BR-MUM,,N
LP001786,Male,Yes,0,Graduate,,5746,0.0,255.0,,,Urban,BR-HYD,,N
LP001157,Female,No,0,Graduate,No,3086,0.0,120.0,360.0,1.0,SEMIURBAN,BR-KOL,referred by agent,Y
LP200035,Male,YES,2,Graduate,Yes,6131,1386.0,115.0,348.0,1.0,Rural,,,Y
LP001384,Male,Yes,3+,Not Graduate,No,2071,754.0,94.0,480.0,1.0,Semiurban,BR-KOL,,Y
LP200118,Male,Yes,2,Graduate,No,1249,1156.0,16.0,132.0,1.0,Urban,BR-BLR,follow-up needed,Y
LP200082,Male,Yes,1,Graduate,No,6382,0.0,161.0,360.0,,Rural,BR-KOL,pending review,Y
LP002368,Male,Yes,2,Graduate,No,5935,0.0,133.0,360.0,1.0,Semiurban,BR-CHN,,Y
LP200053,Male,Yes,2,Graduate,No,5653,0.0,137.0,372.0,,Semiurban,BR-DEL,,Y
LP001430,Female,No,0,Graduate,No,4166,0.0,44.0,360.0,1.0,Semiurban,BR-KOL,,Y
LP002898,Male,Yes,1,Graduate,No,1880,0.0,61.0,360.0,,Rural,BR-KOL,walk-in applicant,N
LP002723,Male,No,2,Graduate,No,3588,0.0,110.0,360.0,0.0,Rural,BR-DEL,,N
LP002794,Female,No,0,Graduate,No,2667,1625.0,84.0,360.0,,Urban,BR-KOL,,Y
LP200070,Female,No,0,Graduate,No,3372,0.0,31.0,372.0,1.0,Urban,BR-HYD,,Y
LP001813,,No,0,Graduate,Yes,6050,4333.0,120.0,180.0,1.0,Urban,BR-MUM,,N
LP200175,Female,Yes,2,Graduate,No,4095,2324.0,126.0,360.0,,Semiurban,BR-CHN,,Y
LP002319,Male,Yes,0,Graduate,,6256,0.0,160.0,360.0,,Urban,BR-HYD,,Y
LP200039,Male,Yes,0,Not Graduate,No,8181,0.0,107.0,372.0,0.0,Urban,BR-HYD,walk-in applicant,N
LP001043,Male,Yes,0,Not Graduate,NO,7660,0.0,104.0,360.0,0.0,Urban,BR-BLR,pending review,N
LP001404,Female,,0,Graduate,No,3167,2283.0,154.0,360.0,,Semiurban,BR-KOL,,Y
LP001990,Male,,0,Not Graduate,No,2000,0.0,,360.0,1.0,Urban,BR-HYD,follow-up needed,N
LP001768,,Yes,0,Graduate,,3716,0.0,42.0,180.0,1.0,Rural,BR-MUM,,Y
LP002648,Male,Yes,0,Graduate,No,2130,6666.0,70.0,180.0,1.0,Semiurban,BR-BLR,,N
LP002272,Male,,2,Graduate,No,3276,484.0,135.0,360.0,,Semiurban,BR-DEL,pending review,Y
LP001972,Male,Yes,,  Not Graduate ,No,2875,1750.0,105.0,360.0,1.0,Semiurban,BR-DEL,pending review,Y
LP002160,Male,Yes,3+,Graduate,No,5167,3167.0,200.0,360.0,1.0,Semiurban,BR-KOL,,Y
LP002950,Male,Yes,0,Not Graduate,,2894,2792.0,155.0,360.0,1.0,Rural,BR-DEL,referred by agent,Y
LP200098,Male,Yes,1,Graduate,No,2578,2142.0,111.0,360.0,1.0,Semiurban,BR-CHN,,Y
LP002615,Male,Yes,2,Graduate,No,4865,5624.0,208.0,360.0,1.0,  Semiurban ,BR-HYD,pending review,Y
LP001792,Male,Yes,1,Graduate,No,3315,0.0,96.0,360.0,1.0,Semiurban,BR-KOL,,Y
LP001379,Male,Yes,2,Graduate,No,3800,3600.0,216.0,360.0,0.0,URBAN,BR-MUM,,N
LP200092,,No,3+,Graduate,Yes,9935,0.0,311.0,384.0,1.0,Semiurban,BR-KOL,,Y
LP200099,Male,No,0,Graduate,No,3535,0.0,78.0,384.0,1.0,Urban,BR-HYD,,N
LP200110,,Yes,2,Graduate,No,7129,0.0,192.0,336.0,1.0,Urban,BR-HYD,pending review,Y
LP001114,Male,NO,0,Graduate,,4166,7210.0,184.0,360.0,1.0,Urban,BR-HYD,follow-up needed,Y
LP001671,Female,Yes,0,  Graduate ,No,3416,2816.0,113.0,360.0,,Semiurban,BR-BLR,,Y
LP001422,Female,No,0,  Graduate ,No,10408,0.0,259.0,360.0,1.0,Urban,BR-MUM,,Y
LP002473,Male,Yes,0,Graduate,No,8334,0.0,160.0,360.0,,Semiurban,BR-MUM,,N
LP001616,Male,Yes,1,Graduate,No,3750,0.0,116.0,360.0,1.0,Semiurban,BR-CHN,,Y
LP200172,Female,No,0,Graduate,No,4099,0.0,116.0,348.0,1.0,SEMIURBAN,BR-MUM,,Y
LP002533,Male,Yes,2,Graduate,No,2947,1603.0,,360.0,1.0,URBAN,BR-HYD,follow-up needed,N
LP002522,  Female ,  No ,0,Graduate,YES,2500,0.0,93.0,360.0,,Urban,,,Y
LP001155,Female,Yes,0,Not Graduate,  No ,1928,1644.0,100.0,360.0,1.0,Semiurban,BR-CHN,,Y
LP002478,,Yes,0,Graduate,Yes,2083,4083.0,160.0,360.0,,Semiurban,BR-BLR,,Y
LP002652,Male,No,0,Graduate,No,5815,3666.0,311.0,360.0,1.0,Rural,BR-KOL,,N
LP002455,Male,Yes,2,Graduate,No,3859,0.0,96.0,360.0,1.0,Semiurban,BR-MUM,referred by agent,Y
LP001760,Male,,,Graduate,No,4758,0.0,158.0,480.0,1.0,Semiurban,BR-MUM,,Y
LP200054,Male,Yes,0,Graduate,Yes,2383,3103.0,1433.0,348.0,1.0,Urban,BR-HYD,,Y
LP200012,Male,Yes,2,Graduate,Yes,9077,7895.0,382.0,288.0,1.0,RURAL,BR-CHN,,Y
LP200005,Male,Yes,0,Not Graduate,No,7587,0.0,106.0,336.0,0.0,Urban,BR-DEL,,N
LP001532,Male,,2,Not Graduate,No,2281,0.0,113.0,360.0,1.0,Rural,BR-KOL,walk-in applicant,N
LP002300,Female,No,0,Not Graduate,No,1963,0.0,53.0,360.0,1.0,Semiurban,BR-CHN,,Y
LP002262,Male,Yes,3+,Graduate,No,9504,0.0,275.0,360.0,1.0,Rural,BR-BLR,pending review,Y
LP001131,Male,Yes,0,Graduate,No,3941,2336.0,134.0,360.0,1.0,Semiurban,BR-HYD,,Y
LP002530,,Yes,2,Graduate,No,2873,1872.0,132.0,360.0,0.0,Semiurban,BR-HYD,referred by agent,N
LP001656,Male,No,0,Graduate,No,12000,0.0,164.0,360.0,1.0,  Semiurban ,BR-MUM,pending review,N
LP001066,Male,Yes,0,Graduate,Yes,9560,0.0,191.0,360.0,1.0,Semiurban,BR-CHN,,Y
LP002243,Male,Yes,0,Not Graduate,No,3010,3136.0,,360.0,0.0,Urban,,,N
LP200007,Male,  Yes ,3+,Not Graduate,No,2823,1667.0,71.0,168.0,0.0,Urban,BR-BLR,,N
LP001482,Male,Yes,0,Graduate,YES,3459,0.0,25.0,120.0,1.0,Semiurban,BR-KOL,,Y
LP002317,Male,Yes,3+,Graduate,No,81000,0.0,360.0,360.0,0.0,Rural,BR-MUM,,N
LP002393,Female,,,Graduate,No,10047,0.0,,240.0,1.0,Semiurban,BR-CHN,,Y
LP200157,Female,No,0,Graduate,No,7994,0.0,279.0,360.0,1.0,Semiurban,BR-HYD,referred by agent,Y
LP002223,Male,Yes,0,Graduate,No,4310,0.0,130.0,360.0,,Semiurban,BR-CHN,,Y
LP001008,Male,No,,Graduate,,6000,0.0,141.0,360.0,,Urban,BR-DEL,,Y
LP002190,Male,Yes,1,Graduate,No,6325,0.0,175.0,360.0,1.0,Semiurban,BR-KOL,,Y
LP001498,Male,No,0,Graduate,No,5417,0.0,168.0,360.0,1.0,Urban,BR-MUM,,Y
LP001519,Female,No,0,Graduate,No,10000,1666.0,225.0,360.0,1.0,Rural,BR-CHN,,N
LP001195,Male,Yes,0,Graduate,No,2132,1591.0,96.0,360.0,1.0,Semiurban,BR-MUM,referred by agent,Y
LP200141,Male,No,1,Graduate,No,4095,1857.0,119.0,372.0,1.0,Urban,BR-CHN,follow-up needed,Y
LP001938,Male,Yes,2,Graduate,No,4400,0.0,127.0,360.0,0.0,  Semiurban ,BR-DEL,follow-up needed,N
LP001273,Male,Yes,0,GRADUATE,no,6000,2250.0,265.0,360.0,,Semiurban,BR-CHN,,N
LP200174,Male,Yes,1,  Graduate ,No,4619,1523.0,124.0,372.0,1.0,Rural,BR-DEL,,N
LP002424,Male,Yes,0,GRADUATE,No,7333,8333.0,175.0,300.0,,Rural,BR-BLR,,Y
LP001637,Male,Yes,1,Graduate,No,33846,0.0,260.0,360.0,1.0,Semiurban,BR-KOL,,N
LP002112,Male,Yes,2,Graduate,Yes,2500,4600.0,176.0,360.0,1.0,Rural,BR-MUM,referred by agent,Y
LP200075,Male,Yes,2,Graduate,Yes,2594,4417.0,179.0,336.0,1.0,Rural,BR-MUM,,Y
LP200021,male,Yes,0,Graduate,  No ,3898,3074.0,202.0,348.0,1.0,Semiurban,BR-BLR,,Y
LP001488,Male,Yes,3+,Graduate,No,4000,7750.0,290.0,360.0,1.0,Semiurban,BR-KOL,,N
LP001109,Male,yes,0,Graduate,No,1828,1330.0,100.0,,0.0,urban,BR-CHN,,N
LP002472,Male,  No ,2,  Graduate ,No,4354,0.0,136.0,360.0,1.0,Rural,BR-HYD,,Y
LP001421,,Yes,0,Graduate,No,5568,2142.0,175.0,,1.0,Rural,BR-HYD,,N
LP002602,Male,No,0,Graduate,No,6283,4416.0,209.0,360.0,0.0,Rural,BR-MUM,pending review,N
LP002067,Male,Yes,1,Graduate,Yes,8666,4983.0,,360.0,0.0,Rural,BR-CHN,,N
LP001788,Female,No,0,Graduate,Yes,3463,0.0,122.0,360.0,,Urban,BR-MUM,,Y
LP001870,Female,No,1,Graduate,No,3481,0.0,155.0,36.0,1.0,Semiurban,BR-MUM,,N
LP002362,Male,Yes,1,Graduate,No,7250,1667.0,110.0,,0.0,Urban,BR-CHN,,N
LP200149,Male,Yes,3+,Graduate,NO,8324,4743.0,133.0,348.0,,Rural,BR-KOL,,Y
LP001835,Male,,0,Not Graduate,No,1668,3890.0,201.0,360.0,0.0,Semiurban,BR-CHN,,N
LP001024,Male,Yes,2,Graduate,  No ,3200,700.0,70.0,360.0,1.0,Urban,BR-DEL,pending review,Y
LP002529,Male,Yes,,Graduate,  No ,6700,1750.0,230.0,300.0,1.0,Semiurban,BR-CHN,,Y
LP001011,Male,Yes,2,Graduate,Yes,5417,4196.0,,360.0,1.0,Urban,,,Y
LP001518,Male,,1,Graduate,No,1538,1425.0,30.0,360.0,1.0,Urban,BR-DEL,,Y
LP002544,Male,Yes,1,Not Graduate,No,1958,2436.0,131.0,360.0,1.0,Rural,BR-HYD,,Y
LP200166,Male,Yes,3+,Graduate,No,4107,1756.0,157.0,,,Urban,BR-HYD,,Y
LP001586,Male,Yes,3+,Not Graduate,No,3522,0.0,81.0,180.0,,Rural,BR-BLR,follow-up needed,N
LP001029,Male,No,0,Graduate,No,1853,2840.0,114.0,360.0,1.0,Rural,BR-MUM,walk-in applicant,N
LP002795,Male,Yes,3+,Graduate,Yes,10139,0.0,,360.0,1.0,Semiurban,BR-CHN,pending review,Y
LP001493,Male,Yes,2,Not Graduate,No,4200,1430.0,129.0,360.0,1.0,RURAL,BR-BLR,,N
LP001577,Female,Yes,0,Graduate,No,4583,0.0,112.0,360.0,1.0,Rural,BR-DEL,,N
LP002335,Female,Yes,0,  Not Graduate ,No,2149,3237.0,1219.0,360.0,0.0,Semiurban,BR-KOL,pending review,N
LP001316,Male,Yes,0,Graduate,No,2958,2900.0,131.0,360.0,1.0,Semiurban,BR-DEL,,Y
LP002139,Male,Yes,0,Graduate,No,9083,0.0,1621.0,360.0,1.0,Semiurban,BR-CHN,,Y
LP002284,Male,No,0,Not Graduate,No,3902,1666.0,109.0,,1.0,  Rural ,BR-MUM,,Y
LP001841,,No,0,Not Graduate,Yes,2583,2167.0,104.0,360.0,1.0,Rural,BR-DEL,pending review,Y
LP001350,Male,Yes,,Graduate,No,13650,0.0,,360.0,1.0,Urban,BR-KOL,walk-in applicant,Y
LP002429,Male,yes,1,Graduate,Yes,23576,1210.0,130.0,360.0,1.0,Rural,BR-CHN,walk-in applicant,Y
LP002755,Male,Yes,1,Not Graduate,,2239,2524.0,128.0,360.0,1.0,Urban,BR-CHN,,Y
LP002690,Male,No,0,Graduate,NO,2500,0.0,55.0,360.0,1.0,Semiurban,BR-CHN,,Y
LP002341,Female,No,1,Graduate,No,2600,0.0,160.0,360.0,,Urban,BR-KOL,,N
LP002197,Male,Yes,2,Graduate,No,5185,0.0,155.0,360.0,,Semiurban,BR-CHN,walk-in applicant,Y
LP001849,Male,No,0,Not Graduate,No,6045,0.0,,360.0,0.0,Rural,BR-BLR,,N
LP002699,Male,Yes,2,Graduate,Yes,17500,0.0,400.0,360.0,1.0,Rural,BR-HYD,,Y
LP002409,MALE,Yes,0,Graduate,No,7901,1833.0,180.0,360.0,,Rural,BR-DEL,,Y
LP200061,Male,Yes,0,Graduate,No,5826,0.0,132.0,348.0,1.0,Rural,BR-HYD,referred by agent,Y
LP001319,Male,Yes,2,Not Graduate,  No ,3273,1820.0,81.0,360.0,1.0,Urban,,pending review,Y
LP001924,,No,0,Graduate,No,3158,3053.0,89.0,360.0,1.0,RURAL,BR-CHN,,Y
LP002640,Male,Yes,1,Graduate,No,6065,2004.0,250.0,360.0,1.0,Semiurban,BR-CHN,,Y
LP200042,Male,Yes,0,Not Graduate,No,2934,2998.0,,336.0,0.0,Urban,BR-MUM,referred by agent,N
LP001199,Male,Yes,2,Not Graduate,No,3357,2859.0,144.0,360.0,1.0,Urban,BR-KOL,,Y
LP002545,Male,No,2,Graduate,No,3547,0.0,80.0,360.0,0.0,Rural,BR-KOL,,N
LP001369,Male,Yes,2,Graduate,No,11417,1126.0,225.0,360.0,1.0,Urban,BR-CHN,,Y
LP001751,Male,Yes,,Graduate,No,3250,0.0,170.0,360.0,1.0,Rural,BR-DEL,pending review,N
LP002807,Male,Yes,2,Not Graduate,No,3675,242.0,108.0,360.0,1.0,Semiurban,BR-MUM,,Y
LP002100,Male,No,,Graduate,No,2833,0.0,71.0,360.0,1.0,Urban,BR-HYD,pending review,Y
LP001859,Male,,0,Graduate,No,14683,2100.0,304.0,360.0,1.0,Rural,BR-MUM,,N
LP002448,Male,Yes,0,Graduate,No,3948,1733.0,149.0,360.0,0.0,Rural,BR-DEL,,N
LP001253,Male,Yes,3+,Graduate,YES,5266,1774.0,187.0,360.0,1.0,Semiurban,BR-BLR,,Y
LP001647,Male,Yes,0,Graduate,NO,9328,0.0,188.0,,1.0,Rural,BR-KOL,walk-in applicant,Y
LP002974,Male,Yes,0,Graduate,No,3232,1950.0,108.0,360.0,1.0,Rural,BR-CHN,,Y
LP200091,Male,Yes,1,Graduate,Yes,2850,0.0,94.0,360.0,1.0,Semiurban,BR-KOL,,Y
LP002743,Female,No,0,Graduate,No,2138,0.0,99.0,360.0,0.0,Semiurban,BR-CHN,,N
LP002328,Male,Yes,0,Not Graduate,No,6096,0.0,,360.0,0.0,Rural,BR-KOL,referred by agent,N
LP001903,Male,Yes,0,Graduate,No,3993,3274.0,207.0,360.0,1.0,Semiurban,BR-MUM,pending review,Y
LP200011,Male,Yes,,Graduate,No,2337,2239.0,100.0,372.0,1.0,Semiurban,BR-HYD,referred by agent,Y
LP001370,Male,No,0,Not Graduate,,7333,0.0,120.0,360.0,1.0,Rural,BR-HYD,,N
LP002459,Male,yes,0,Graduate,No,4301,0.0,118.0,360.0,1.0,Urban,BR-CHN,pending review,Y
LP002505,Male,Yes,0,Graduate,No,4333,2451.0,110.0,360.0,1.0,Urban,BR-CHN,,N
LP002244,Male,Yes,,Graduate,No,2333,2417.0,136.0,360.0,1.0,Urban,BR-DEL,follow-up needed,Y
LP001931,Female,No,,Graduate,No,4124,0.0,115.0,360.0,1.0,Semiurban,BR-BLR,,Y
LP002524,Male,NO,2,  Graduate ,No,5532,4648.0,162.0,360.0,1.0,Rural,BR-BLR,referred by agent,Y
LP200072,Male,Yes,3+,Graduate,No,7825,0.0,127.0,180.0,1.0,Urban,BR-CHN,,Y
LP001013,MALE,,0,Not Graduate,No,2333,1516.0,95.0,360.0,1.0,Urban,BR-HYD,pending review,Y
LP001565,Male,Yes,1,GRADUATE,,3089,1280.0,121.0,360.0,0.0,Semiurban,BR-MUM,walk-in applicant,N
LP002892,Male,Yes,2,Graduate,No,6540,0.0,205.0,360.0,1.0,Semiurban,BR-MUM,,Y
LP001925,Female,No,0,Graduate,Yes,2600,1717.0,99.0,300.0,1.0,Semiurban,BR-CHN,,N
LP001546,Male,No,0,Graduate,,2980,2083.0,120.0,360.0,1.0,Rural,BR-DEL,,Y
LP002603,Female,No,0,Graduate,no,645,3683.0,113.0,480.0,1.0,Rural,BR-HYD,,Y
LP002697,Male,No,0,Graduate,No,4680,2087.0,,360.0,1.0,Semiurban,BR-MUM,,N
LP002348,Male,Yes,0,Graduate,No,5829,0.0,138.0,360.0,1.0,Rural,BR-KOL,pending review,Y
LP200013,Male,Yes,0,Graduate,No,1875,3677.0,139.0,384.0,1.0,Semiurban,BR-DEL,,Y
LP002113,FEMALE,No,3+,Not Graduate,No,1830,0.0,,360.0,0.0,Urban,BR-DEL,,N
LP002643,Male,Yes,2,Graduate,No,3283,2035.0,148.0,360.0,1.0,Urban,BR-CHN,,Y
LP001027,Male,Yes,2,Graduate,,2500,1840.0,,360.0,1.0,Urban,BR-KOL,pending review,Y
LP002741,Female,Yes,1,Graduate,,4608,2845.0,140.0,180.0,1.0,semiurban,BR-HYD,,Y
LP200079,Male,YES,2,Graduate,,5033,0.0,136.0,372.0,1.0,Urban,BR-HYD,,Y
LP200153,MALE,Yes,2,Graduate,No,3838,0.0,94.0,360.0,,Semiurban,BR-BLR,,Y
LP200018,Male,Yes,0,Not Graduate,No,2339,1947.0,102.0,372.0,1.0,Rural,BR-HYD,,Y
LP002308,Male,Yes,0,Not Graduate,No,2167,2400.0,115.0,360.0,1.0,Urban,BR-HYD,pending review,Y
LP002434,Male,Yes,2,Not Graduate,No,4652,0.0,110.0,360.0,1.0,Rural,,,Y
LP001248,Male,No,0,graduate,No,3500,0.0,,300.0,1.0,Semiurban,BR-MUM,,Y
LP200066,Male,Yes,1,Graduate,,5556,1103.0,25.0,360.0,1.0,Semiurban,BR-BLR,,Y
LP200062,Male,Yes,0,Not Graduate,No,4164,0.0,119.0,384.0,,Rural,BR-BLR,,Y
LP200045,male,No,0,Graduate,No,1824,3014.0,108.0,348.0,1.0,Rural,BR-MUM,,N
LP002586,Female,Yes,1,GRADUATE,No,3326,913.0,105.0,84.0,1.0,Semiurban,BR-DEL,,Y
LP001693,Female,No,0,Graduate,No,3244,0.0,80.0,360.0,1.0,Urban,BR-BLR,,Y
LP002949,Female,No,3+,GRADUATE,,416,41667.0,350.0,180.0,,  Urban ,BR-HYD,,N
LP001581,Male,Yes,0,Not Graduate,,1820,1769.0,95.0,360.0,1.0,Rural,BR-CHN,,Y
LP001356,Male,Yes,0,  Graduate ,NO,4652,3583.0,,360.0,1.0,Semiurban,BR-KOL,,Y
LP001964,MALE,Yes,0,Not Graduate,NO,1800,2934.0,93.0,360.0,0.0,URBAN,BR-HYD,,N
LP002387,Male,Yes,0,Graduate,No,2425,2340.0,143.0,360.0,1.0,Semiurban,,follow-up needed,Y
LP002537,  Male ,Yes,0,Graduate,,2083,3150.0,128.0,360.0,1.0,Semiurban,BR-MUM,,Y
LP001002,Male,No,0,Graduate,No,5849,0.0,,360.0,1.0,Urban,BR-MUM,,Y
LP200026,Male,No,0,Not Graduate,Yes,2516,2170.0,818.0,348.0,1.0,Rural,BR-DEL,,Y
LP001432,Male,Yes,2,GRADUATE,No,2957,0.0,,,1.0,Semiurban,BR-HYD,,Y
LP200006,female,No,0,Graduate,No,4045,0.0,44.0,372.0,1.0,Semiurban,BR-DEL,,Y
LP200111,Male,yes,3+,Graduate,No,7290,0.0,126.0,180.0,1.0,Urban,,,Y
LP002961,Male,Yes,1,Graduate,No,3400,2500.0,173.0,360.0,1.0,Semiurban,BR-KOL,,Y
LP002936,Male,Yes,0,Graduate,No,3859,3300.0,142.0,180.0,1.0,Rural,BR-HYD,,Y
LP001819,Male,Yes,1,Not Graduate,No,6608,0.0,1037.0,180.0,1.0,Urban,BR-BLR,,Y
LP001732,MALE,Yes,2,Graduate,,5000,0.0,72.0,360.0,0.0,Semiurban,BR-KOL,,N
LP002821,Male,No,0,Not Graduate,Yes,5800,0.0,132.0,360.0,1.0,Semiurban,BR-MUM,,Y
LP002618,Male,Yes,1,Not Graduate,No,4050,5302.0,138.0,360.0,,Rural,BR-MUM,,N
LP002277,Female,No,0,Graduate,,3180,0.0,71.0,360.0,0.0,Urban,BR-MUM,,N
LP001644,,Yes,0,Graduate,Yes,674,5296.0,168.0,360.0,1.0,Rural,,,Y
LP002953,Male,Yes,3+,Graduate,No,5703,0.0,128.0,,1.0,Urban,BR-BLR,,Y
LP200162,Male,Yes,0,Not Graduate,No,3332,4012.0,146.0,,0.0,RURAL,BR-HYD,,N
LP001034,Male,No,1,Not Graduate,No,3596,0.0,100.0,240.0,,Urban,BR-HYD,,Y
LP001267,Female,Yes,2,Graduate,No,1378,1881.0,167.0,360.0,1.0,Urban,BR-HYD,walk-in applicant,N
LP002753,Female,No,1,Graduate,,3652,0.0,95.0,360.0,1.0,  Semiurban ,BR-CHN,,Y
LP001047,Male,Yes,0,  Not Graduate ,No,2600,1911.0,116.0,360.0,0.0,Semiurban,BR-KOL,,N
LP001677,Male,No,2,Graduate,No,4923,0.0,166.0,360.0,0.0,Semiurban,BR-HYD,,Y
LP002390,Male,No,0,Graduate,No,3750,0.0,100.0,360.0,1.0,Urban,BR-DEL,,Y
LP001935,Male,No,0,Graduate,No,9508,0.0,187.0,360.0,1.0,Rural,BR-KOL,,Y
LP001528,Male,No,,GRADUATE,No,6277,0.0,118.0,360.0,0.0,Rural,BR-BLR,,N
LP001560,Male,Yes,0,Not Graduate,No,1863,1041.0,98.0,360.0,1.0,Semiurban,BR-CHN,,Y
LP002151,Male,Yes,1,Graduate,No,3875,0.0,67.0,360.0,1.0,Urban,BR-CHN,,N
LP002137,Male,Yes,0,Graduate,No,6333,4583.0,259.0,360.0,,Semiurban,BR-HYD,,Y
LP200029,Male,Yes,1,Graduate,No,8231,2367.0,188.0,348.0,1.0,Urban,BR-DEL,,Y
LP001106,  Male ,Yes,0,Graduate,No,2275,2067.0,,360.0,1.0,Urban,BR-MUM,,Y
LP001449,Male,No,0,Graduate,No,3865,1640.0,,360.0,1.0,Rural,BR-HYD,,Y
LP001536,Male,yes,3+,Graduate,,39999,0.0,600.0,180.0,0.0,Semiurban,BR-CHN,,Y
LP200129,Female,Yes,1,Graduate,No,4555,3017.0,147.0,,1.0,Semiurban,BR-DEL,,Y
LP001391,Male,Yes,0,Not Graduate,No,3572,4114.0,152.0,,0.0,Rural,BR-DEL,referred by agent,N
LP001877,,Yes,2,Graduate,No,4708,1387.0,150.0,360.0,1.0,Semiurban,BR-KOL,,Y
LP001086,Male,No,0,Not Graduate,No,1442,0.0,35.0,360.0,1.0,Urban,BR-HYD,,N
LP001754,,YES,,Not Graduate,Yes,4735,0.0,138.0,360.0,1.0,Urban,BR-BLR,,N
LP001206,Male,Yes,3+,Graduate,No,3029,0.0,99.0,360.0,1.0,Urban,BR-CHN,,Y
LP200155,Male,Yes,0,Graduate,,1937,2246.0,93.0,336.0,,Urban,BR-MUM,,Y
LP002926,Male,,,Graduate,Yes,2726,0.0,106.0,360.0,,Semiurban,BR-BLR,,N
LP001207,Male,Yes,0,Not Graduate,Yes,2609,3449.0,165.0,180.0,0.0,  Rural ,BR-MUM,,N
LP001749,Male,Yes,0,graduate,No,7578,1010.0,,,1.0,Semiurban,BR-DEL,pending review,Y
LP002964,Male,Yes,2,Not Graduate,No,3987,1411.0,157.0,360.0,,Rural,BR-MUM,,Y
LP002933,,No,3+,Graduate,Yes,9357,0.0,292.0,360.0,1.0,Semiurban,BR-HYD,pending review,Y
LP002188,Male,No,0,Graduate,No,5124,0.0,124.0,,0.0,Rural,BR-DEL,,N
LP002487,Male,Yes,0,Graduate,No,3015,2188.0,153.0,,1.0,Rural,BR-HYD,referred by agent,Y
LP200089,MALE,  Yes ,0,Not Graduate,Yes,2667,3286.0,155.0,180.0,0.0,Rural,BR-BLR,follow-up needed,N
LP002979,Male,Yes,3+,Graduate,No,4106,0.0,40.0,180.0,1.0,Rural,BR-DEL,follow-up needed,Y
LP200180,Male,Yes,0,Graduate,No,6234,2663.0,184.0,360.0,,Rural,BR-CHN,,N
LP200067,Male,Yes,0,Graduate,No,8352,0.0,283.0,372.0,1.0,Urban,BR-BLR,,N
LP001541,Male,Yes,1,Graduate,NO,47824,0.0,160.0,360.0,,RURAL,BR-CHN,follow-up needed,Y
LP001222,Female,No,0,Graduate,No,4166,0.0,116.0,360.0,0.0,Semiurban,BR-CHN,follow-up needed,N
LP001197,Male,Yes,0,Graduate,No,3366,2200.0,933.0,360.0,1.0,Rural,BR-MUM,pending review,N
LP002820,Male,Yes,0,Graduate,No,5923,2054.0,211.0,360.0,1.0,Rural,BR-HYD,,Y
LP001100,  Male ,No,3+,Graduate,No,12500,3000.0,320.0,360.0,1.0,Rural,BR-BLR,,N
LP200107,,Yes,2,Not Graduate,No,5746,1636.0,185.0,504.0,1.0,Semiurban,BR-CHN,walk-in applicant,N
LP001120,Male,No,0,Graduate,No,1800,1213.0,47.0,360.0,1.0,Urban,BR-BLR,walk-in applicant,Y
LP200057,Female,No,0,Graduate,NO,3708,0.0,109.0,384.0,1.0,Semiurban,BR-MUM,,Y
LP200010,Male,No,2,Graduate,No,4466,0.0,129.0,360.0,1.0,Rural,BR-CHN,walk-in applicant,Y
LP001641,MALE,Yes,1,Graduate,YES,2178,0.0,66.0,300.0,0.0,Rural,BR-DEL,,N
LP002792,Male,Yes,1,Graduate,No,5468,1032.0,26.0,360.0,1.0,Semiurban,BR-DEL,,Y
LP001144,Male,Yes,0,Graduate,NO,5821,0.0,144.0,360.0,1.0,Urban,BR-MUM,,Y
LP200037,Male,No,0,Graduate,Yes,20475,0.0,609.0,468.0,,Urban,BR-HYD,,Y
LP200034,,No,0,Graduate,No,3540,0.0,70.0,372.0,1.0,Urban,BR-KOL,pending review,Y
LP001119,Male,No,0,Graduate,No,3600,0.0,80.0,360.0,1.0,Urban,BR-BLR,,N
LP002002,Female,No,0,Graduate,No,2917,0.0,84.0,360.0,1.0,Semiurban,BR-HYD,,Y
LP001580,Male,  Yes ,2,Graduate,No,8000,0.0,200.0,360.0,1.0,semiurban,BR-BLR,,Y
LP200073,Female,No,,Graduate,No,3325,0.0,129.0,336.0,1.0,Urban,BR-DEL,,N
LP002682,Male,Yes,,Not Graduate,No,3074,1800.0,123.0,360.0,0.0,Semiurban,BR-CHN,,N
LP001688,Male,Yes,1,Not Graduate,No,3500,1083.0,135.0,360.0,1.0,Urban,BR-BLR,,Y
LP002983,Male,Yes,1,Graduate,No,8072,240.0,253.0,360.0,1.0,URBAN,BR-KOL,,Y
LP001392,Female,No,1,Graduate,Yes,7451,0.0,,360.0,1.0,Semiurban,BR-HYD,referred by agent,Y
LP200134,Male,No,0,Graduate,No,2487,2642.0,146.0,384.0,1.0,Semiurban,BR-BLR,,Y
LP200068,Male,No,2,Graduate,,4826,0.0,173.0,372.0,0.0,Semiurban,BR-HYD,,Y
LP001507,Male,Yes,0,Graduate,No,2698,2034.0,122.0,360.0,1.0,Semiurban,BR-MUM,,Y
LP002318,Female,NO,1,Not Graduate,yes,3867,0.0,62.0,360.0,1.0,Semiurban,BR-MUM,,N
LP002175,Male,Yes,0,Graduate,  No ,4750,2333.0,130.0,360.0,1.0,Urban,BR-DEL,,Y
LP001334,Male,Yes,0,Not Graduate,No,4188,0.0,115.0,180.0,1.0,Semiurban,BR-HYD,,Y
LP001578,Male,Yes,0,Graduate,No,2439,3333.0,129.0,360.0,1.0,Rural,BR-MUM,,Y
LP002250,Male,  Yes ,0,Graduate,No,5488,0.0,125.0,360.0,1.0,RURAL,BR-CHN,,Y
LP002361,Male,Yes,0,Graduate,No,1820,1719.0,100.0,360.0,1.0,Urban,BR-KOL,,Y
LP200126,Male,Yes,0,Not Graduate,No,2315,2467.0,116.0,348.0,1.0,Urban,BR-MUM,,Y
LP001888,Female,No,0,Graduate,No,3237,0.0,30.0,360.0,1.0,Urban,BR-MUM,,Y
LP001151,Female,No,0,Graduate,No,4000,2275.0,144.0,360.0,1.0,Semiurban,BR-KOL,walk-in applicant,Y
LP200056,Female,,0,Not Graduate,No,4450,0.0,118.0,348.0,1.0,Semiurban,BR-DEL,walk-in applicant,Y
LP200163,Male,Yes,0,Not Graduate,No,2537,1610.0,113.0,,1.0,Rural,BR-KOL,,Y
LP001198,Male,Yes,1,Graduate,No,8080,2250.0,180.0,360.0,,Urban,BR-DEL,,Y
LP001993,Female,No,0,Graduate,No,3762,1666.0,135.0,360.0,1.0,Rural,BR-DEL,,Y
LP200033,Male,yes,0,Graduate,No,5855,1974.0,200.0,348.0,1.0,Rural,BR-DEL,walk-in applicant,Y
LP001664,Male,NO,0,Graduate,No,4191,0.0,,360.0,1.0,Rural,BR-CHN,,Y
LP002659,Male,Yes,3+,Graduate,No,3466,3428.0,150.0,360.0,,Rural,BR-BLR,,Y
LP001868,Male,No,0,Graduate,No,2060,2209.0,134.0,360.0,1.0,  Semiurban ,BR-CHN,,Y
LP002777,Male,Yes,0,Graduate,No,2785,2016.0,110.0,360.0,1.0,Rural,BR-KOL,,Y
LP200183,Male,Yes,2,Graduate,No,9270,0.0,116.0,360.0,1.0,Urban,BR-DEL,,Y
LP002131,Male,Yes,2,not graduate,No,3083,2168.0,126.0,360.0,1.0,Urban,BR-KOL,,Y
LP001643,Male,Yes,0,Graduate,No,2383,2138.0,58.0,360.0,,Rural,BR-DEL,pending review,Y
LP200081,Male,No,0,Graduate,No,3625,0.0,82.0,348.0,1.0,Urban,BR-BLR,walk-in applicant,N
LP200022,Male,Yes,0,not graduate,No,1923,1061.0,103.0,360.0,1.0,Semiurban,BR-DEL,,Y
LP001640,Male,Yes,0,graduate,Yes,39147,4750.0,120.0,360.0,1.0,  Semiurban ,BR-DEL,,Y
LP002534,Female,No,0,Not Graduate,,4350,0.0,154.0,360.0,1.0,Rural,BR-MUM,,Y
LP001228,Male,No,0,NOT GRADUATE,No,3200,2254.0,126.0,180.0,,Urban,BR-BLR,,N
LP001892,Male,No,0,Graduate,No,2833,1857.0,126.0,360.0,1.0,Rural,BR-KOL,pending review,Y
LP002265,Male,Yes,2,Not Graduate,No,1993,1625.0,113.0,180.0,1.0,Semiurban,BR-DEL,,Y
LP200124,,No,0,Graduate,,6571,0.0,,360.0,,Urban,BR-BLR,,N
LP002407,Female,Yes,0,Not Graduate,Yes,7142,0.0,138.0,360.0,1.0,Rural,BR-CHN,,Y
LP001492,Male,No,0,Graduate,,14999,0.0,242.0,360.0,0.0,SEMIURBAN,BR-KOL,,N
LP200078,Male,Yes,0,Graduate,No,2481,2069.0,58.0,336.0,,Rural,BR-MUM,,Y
LP001784,male,Yes,1,Graduate,No,5500,1260.0,170.0,360.0,1.0,Rural,,,Y
LP200170,Male,Yes,,Not Graduate,No,3770,3872.0,153.0,,0.0,Rural,BR-DEL,pending review,N
LP001562,Male,Yes,0,Graduate,No,7933,0.0,275.0,360.0,1.0,Urban,BR-HYD,,N
LP002101,  Male ,Yes,0,Graduate,,63337,0.0,490.0,180.0,1.0,Urban,BR-HYD,,Y
LP200065,Male,No,0,Not Graduate,No,2923,0.0,66.0,288.0,1.0,Rural,BR-CHN,,N
LP001669,Female,No,0,Not Graduate,No,1907,2365.0,120.0,,1.0,Urban,BR-BLR,pending review,Y
LP001926,Male,Yes,0,Graduate,No,3704,2000.0,120.0,360.0,,Rural,BR-HYD,,Y
LP002035,Male,  Yes ,2,Graduate,No,3717,0.0,120.0,360.0,,Semiurban,BR-DEL,pending review,Y
LP001865,Male,Yes,1,Graduate,No,6083,4250.0,330.0,360.0,,Urban,,,Y
LP001691,Male,Yes,2,Not Graduate,No,3917,0.0,124.0,360.0,1.0,Semiurban,BR-CHN,,Y
LP001666,Male,No,0,Graduate,No,8333,3750.0,187.0,360.0,1.0,Rural,BR-KOL,pending review,Y
LP002422,Male,No,1,Graduate,No,37719,0.0,152.0,360.0,1.0,Semiurban,BR-MUM,walk-in applicant,Y
LP002467,Male,Yes,0,Graduate,No,3708,2569.0,173.0,360.0,1.0,Urban,,,N
LP001653,Male,No,,Not Graduate,No,4885,0.0,48.0,360.0,1.0,Rural,BR-CHN,,Y
LP002036,Male,Yes,0,Graduate,No,2058,2134.0,88.0,360.0,,Urban,BR-DEL,,Y
LP001953,Male,Yes,1,Graduate,No,6875,0.0,200.0,360.0,1.0,  Semiurban ,BR-DEL,,Y
LP002086,Female,Yes,0,Graduate,No,4333,2451.0,110.0,360.0,1.0,Urban,BR-KOL,,N
LP001264,Male,Yes,3+,Not Graduate,Yes,3333,2166.0,130.0,360.0,,SEMIURBAN,BR-BLR,,Y
LP002959,Female,Yes,1,Graduate,No,12000,0.0,496.0,360.0,1.0,Semiurban,BR-HYD,,Y
LP002287,Female,No,0,Graduate,No,1500,1800.0,103.0,360.0,0.0,Semiurban,BR-DEL,follow-up needed,N
LP002342,Male,Yes,2,Graduate,Yes,1600,20000.0,239.0,360.0,1.0,URBAN,BR-KOL,,N
LP002031,Male,Yes,1,Not Graduate,No,3399,1640.0,111.0,180.0,1.0,Urban,BR-KOL,,Y
LP002255,Male,No,3+,Graduate,no,9167,0.0,185.0,360.0,1.0,Rural,BR-CHN,,Y
LP002541,Male,Yes,0,Graduate,  No ,10833,0.0,234.0,360.0,1.0,Semiurban,BR-BLR,,Y
LP001750,Male,Yes,0,Graduate,No,6250,0.0,,360.0,1.0,SEMIURBAN,BR-MUM,,Y
LP200038,Male,Yes,2,Graduate,  No ,8809,0.0,234.0,360.0,1.0,Semiurban,BR-MUM,,Y
LP002776,Female,No,0,Graduate,no,5000,0.0,,360.0,0.0,Semiurban,BR-KOL,,N
LP200044,Male,Yes,,Not Graduate,No,3269,1673.0,106.0,180.0,1.0,urban,BR-MUM,walk-in applicant,Y
LP001610,Male,Yes,3+,Graduate,No,5516,11300.0,495.0,360.0,0.0,Semiurban,BR-KOL,,N
LP200024,Male,Yes,2,Graduate,  Yes ,5964,0.0,144.0,84.0,,Rural,BR-MUM,,Y
LP002449,Male,Yes,0,Graduate,No,2483,2466.0,90.0,180.0,0.0,Rural,BR-CHN,walk-in applicant,Y
LP200142,Male,Yes,2,Graduate,No,3369,4191.0,226.0,348.0,1.0,Rural,,,Y
LP001636,Male,Yes,0,Graduate,No,4600,0.0,73.0,180.0,1.0,Semiurban,BR-MUM,,Y
LP002606,Female,No,0,Graduate,No,3159,0.0,100.0,360.0,1.0,Semiurban,BR-DEL,,Y
LP002364,MALE,Yes,0,Graduate,No,14880,0.0,96.0,360.0,1.0,semiurban,BR-MUM,walk-in applicant,Y
LP200071,Male,Yes,2,Graduate,No,4070,0.0,94.0,336.0,1.0,Semiurban,BR-MUM,pending review,Y
LP002367,Female,No,1,Not Graduate,,4606,0.0,81.0,360.0,1.0,Rural,BR-MUM,,N
